ticket_id,created_at_unix,event_id,perf_date,perf_time,venue,ticket_type,name_type,delivery_method,seller_name,seller_rating,order_num,ticket_tags,first_observed_at,last_observed_at,sold_at,sold_at_source,status,quantity,price,raw_description,details_fetched,year_month
sold_acees-arena-tour-v_1784738241156_40000,1784738241156,acees-arena-tour-v,2026-08-29,12:30,Asueアリーナ大阪,electronic,female,同行,ぴ,5.0,,番手,2026-07-22 16:37:21,2026-08-28 16:01:17,2026-08-27 11:01:15,,sold,1,40000,"座席未定／3名義中2番手同行／すべて有効期間内該当名義ボタンあり／すり替えなし下3桁提示可 

3名義ともACEes該当名義・指定席・初期当選・有効期限内ボタン...",True,2026-07
sold_acees-arena-tour-v_1784267800478_48000,1784267800478,acees-arena-tour-v,2026-08-29,12:30,Asueアリーナ大阪,electronic,female,公演前日QRコード共有,,,,,2026-07-17 05:56:40,2026-08-28 16:01:17,2026-08-27 07:17:28,,sold,2,48000,"QRごと/情報局先行 /該当名義/初期当選/下3桁提示可能/有効期限内/同行者登録可能（前日）
公演前日にログインに必要な会員番号とパスワードをお伝え致します。...",False,2026-07
sold_acees-arena-tour-v_1784706000358_42000,1784706000358,acees-arena-tour-v,2026-08-29,12:30,Asueアリーナ大阪,electronic,female,公演前日にQRコード情報共有,,,,,2026-07-22 07:40:00,2026-08-28 16:01:17,2026-08-27 07:17:28,,sold,2,42000,"QR毎/初期当選/該当(浮所)/変更ボタンあり/有効期限内/下3桁提示可能
同行者登録はご自身でお願いいたします。
",False,2026-07
sold_acees-arena-tour-v_1784638290922_18500,1784638290922,acees-arena-tour-v,2026-08-29,12:30,Asueアリーナ大阪,electronic,none,同行,,,,,2026-07-21 12:51:30,2026-08-28 16:01:17,2026-08-27 07:17:28,,sold,2,18500,"公演当日、開場40分前に会場付近にて待ち合わせし、同時入場していただきます。
詳しい待ち合わせ時間や場所等は、前日夜または当日朝に連ボードでお知らせします。
同...",False,2026-07
sold_acees-arena-tour-v_1783998042648_12000,1783998042648,acees-arena-tour-v,2026-08-29,12:30,Asueアリーナ大阪,electronic,none,ランダム配布,,,,,2026-07-14 03:00:42,2026-08-28 16:01:17,2026-08-27 07:17:28,,sold,1,12000,"❤️大阪全公演まとめて可 中相場買取可❤️
購入後に必ず電話番号を送信してください
同時入場後、当方が座席選択後にお譲りするチケットをランダムにてお渡し致します...",False,2026-07
sold_acees-arena-tour-v_1783493132930_18000,1783493132930,acees-arena-tour-v,2026-08-29,12:30,Asueアリーナ大阪,electronic,none,ランダム配布,,,,,2026-07-08 06:45:32,2026-08-28 16:01:17,2026-08-27 07:17:28,,sold,2,18000,"❤️連番でのお渡し❤️
同時入場後、当方が座席選択後にお譲りするチケットをランダムにてお渡し致します。
※当日、開場時間(開演時間ではございませんのでご注意くだ...",False,2026-07
sold_acees-arena-tour-v_1785298745905_0,1785298745905,acees-arena-tour-v,2026-08-29,12:30,Asueアリーナ大阪,electronic,female,同行,,,,,2026-07-29 04:19:05,2026-08-28 16:01:17,2026-08-27 07:17:28,,sold,1,0,"当方と同行／初期当選/該当名義/変更ボタン有/すり替えなし/下3桁提示可／ペイジー決済

開場時間までにお待ち合せ後、同時入場となります。
当方が選ばなかった連...",False,2026-07
uriacwp39d,1784877966883,acees-arena-tour-v,2026-08-29,12:30,Asueアリーナ大阪,electronic,none,同行,ひだ,4.7,,ランダム記載あり,2026-07-24 07:26:06,2026-08-28 16:01:17,,,listing,2,40000,"8名義中6番手

※必ずご確認お願いいたします

・同時入場後、一度チケットを回収し解散させていただきます。こちらが選ばなかった8名義中6番手のチケットをお渡し...",True,2026-07
sold_acees-arena-tour-v_1784288088297_13000,1784288088297,acees-arena-tour-v,2026-08-29,12:30,Asueアリーナ大阪,electronic,female,同行,,,,,2026-07-17 11:34:48,2026-08-28 16:01:17,2026-08-27 07:17:28,,sold,1,13000,"複数名義所持 
ランダム配布　

・公演当日開場30分ほど前に会場付近で待ち合わせし、当方と同時入場していただきます。入場後、一度チケットを回収し、座席選択後チ...",False,2026-07
sold_acees-arena-tour-v_1784038875429_53000,1784038875429,acees-arena-tour-v,2026-08-29,12:30,Asueアリーナ大阪,electronic,female,QRコード共有,,,,,2026-07-14 14:21:15,2026-08-28 16:01:17,2026-08-27 07:17:28,,sold,2,53000,"QRごと 情報局先行 ACEes 浮所名義 初期当選 重複すり替え無し 下3桁提示可能 有効期限内 Pay-easyにて入金済み 複数当選無し

公演前日にログ...",False,2026-07
wbkc3t7va3,1784238918322,acees-arena-tour-v,2026-08-29,12:30,Asueアリーナ大阪,electronic,female,同行,り,5.0,,同行番手,2026-07-16 21:55:18,2026-08-28 00:01:11,,,deleted,2,35000,"4名義重複/3番手2連/該当名義/座種未定/初期当選/すり替えなし/下3桁提示可能/公演日有効期限内
※開示懸念のため1部サイト優先。
お話まとまり次第専用またはプラベル移行します。
必要事項記載しご連絡ください。
公演当日に、こちらの指定したお時間(開場の40～20分前予定)会場付近にて待ち合わせし、同時入場して頂きます。遅刻した場合はいかなる場合でも先に入場し、返金対応は致しませんので、時間に余裕を持ってお越しください。
同時入場後、チケットを一度回収させていただきます。場合によっては回収せずに所持したままでの座席確認。番手順に選んでいただき、チケットをお渡し致します。受取連絡が確認出来ましたらチケットをお渡し致します。番手以外には座席の選択権はございません。
・チケット持ち逃げ防止の為、顔つき身分証明書の原本(必ず有効期限内のもの)をお預かりする可能性がありますので必ずご持参下さい。運転免許証、マイナンバーカード、パスポートが該当致します。有効期限内かつ顔つきの身分証をお預かりさせていただけない場合はチケットをお渡し出来ません。その場合でも、受取評価は必ずして頂きますので、ご同意の上ご購入お願い致します。こちらで封筒を用意します。確認後、名前を記載していただいた封筒に封をして、チケット回収の際、お返しいたします。トラブルが起こった場合を除いて、封を開けることはございませんのでご安心ください。
発券まで座席未定の為、どこのお席になるかは分かりませんので、座席に関するクレームや返金はお受け致しません。悪質な送金停止はご遠慮お願い致します。
本人確認やその他ランダムエラー等で万が一入場できなかった場合や番手が減る場合、他公演中止以外のいかなる場合でも返金対応致しません。
遅刻、交通機関の乱れ、体調不良、担当のコロナ感染、出演者の変更等による購入後のキャンセルは受け付けません。いかなる場合でも必ず受け取り評価していただきます。
主催者からの中止が発表されましたらアプリより返金されます。
代理購入はお控え頂き、必ず当日入場される方ご自身がご購入お願いいたします。
購入した時点で上記に承諾を得たと認識させていただきます。",True,2026-07
sold_acees-arena-tour-v_1785280109919_48000,1785280109919,acees-arena-tour-v,2026-08-29,12:30,Asueアリーナ大阪,electronic,female,入金後3時間以内にQRコード共有,,,,,2026-07-28 23:08:29,2026-08-28 16:01:17,2026-08-27 07:17:28,,sold,2,48000,"情報局先行 初期当選 ACEes 那須雄登名義 指定席 2枚申し込み QRごとのお譲り 条件ご
ざいません 座席未定

情報局先行 ２枚申込みでの当選
都合によ...",False,2026-07
sold_acees-arena-tour-v_1783077579189_19000,1783077579189,acees-arena-tour-v,2026-08-29,12:30,Asueアリーナ大阪,electronic,male,QR毎,,,,,2026-07-03 11:19:39,2026-08-28 16:01:17,2026-08-27 07:17:28,,sold,2,19000,"QR毎/有効期限切れ/浮所名義

公演前日にログイン情報お伝え致します。
入場後ログアウトし受け取り評価お願い致します。同行者登録は買い手様でお願い致します。...",False,2026-07
sold_acees-arena-tour-v_1784187222685_12000,1784187222685,acees-arena-tour-v,2026-08-29,12:30,Asueアリーナ大阪,electronic,none,ランダム配布,,,,,2026-07-16 07:33:42,2026-08-28 16:01:17,2026-08-27 07:17:28,,sold,1,12000,"❤️大阪全公演まとめ買い歓迎 中相場買取可❤️
購入後に必ず電話番号を送信してください
同時入場後、当方が座席選択後にお譲りするチケットをランダムにてお渡し致し...",False,2026-07
sold_acees-arena-tour-v_1784877346637_11000,1784877346637,acees-arena-tour-v,2026-08-29,12:30,Asueアリーナ大阪,electronic,none,同行,,,,,2026-07-24 07:15:46,2026-08-28 16:01:17,2026-08-27 07:17:28,,sold,2,11000,"※必ずご確認ください
複数名義所持の為ランダム配布となります。

【条件あり】
 
・複数名義所持している為、同時入場後、一度全てのチケットを回収いたします。...",False,2026-07
sold_acees-arena-tour-v_1785206709358_68000,1785206709358,acees-arena-tour-v,2026-08-29,12:30,Asueアリーナ大阪,electronic,female,ログイン情報共有,,,,,2026-07-28 02:45:09,2026-08-28 16:01:17,2026-08-27 07:17:28,,sold,1,68000,"QRごと/該当名義(変更ボタンあり)/初期当選分/有効期限内/着ブロ申込なし
郵送物戻り、過去エラーなし
購入後会員番号下3桁提示可 下記事項にご了承いただける...",False,2026-07
sold_acees-arena-tour-v_1783783332798_63000,1783783332798,acees-arena-tour-v,2026-08-29,12:30,Asueアリーナ大阪,electronic,female,公演日1日前までにQRコード共有,,,,,2026-07-11 15:22:12,2026-08-28 16:01:17,2026-08-27 07:17:28,,sold,1,63000,"QRごと(1枚)のお譲りです。

該当名義
有効期限内
すり替えなし(下三桁提示可能)
初期当選


・公演1日前になりましたら会員番号とパスワードをお伝えいた...",False,2026-07
0d0wlk0a7s,1785141665684,acees-arena-tour-v,2026-08-29,12:30,Asueアリーナ大阪,electronic,female,公演日2日前までにQRコード共有,k,5.0,,QR,2026-07-27 08:41:05,2026-08-28 03:01:09,,,deleted,2,44000,"FC先行/QR毎/該当名義/変更ボタンあり
初期当選/有効期限内/同行者登録可能
すり替えなし/下3桁の提示可能/郵送物戻りなし
着ブロ希望なし

入場後速やか...",True,2026-07
aegz2b4t2w,1783214398879,acees-arena-tour-v,2026-08-29,12:30,Asueアリーナ大阪,electronic,female,前日までにログイン情報提示,よよよ,5.0,,QR,2026-07-05 01:19:58,2026-08-28 16:01:17,2026-08-27 14:01:13,,sold,2,44000,"初期当選／QR毎／重複・すり替えなし／該当名義（深田名義）／有効期限内／下3桁提示可／着ブロ希望なし／変更ボタンあり
公演日前日に、メッセージにてログイン情報をお知らせします。ご自身の端末でログインの上ご入場ください。同行者登録、同意チェックは購入者様にてご対応をお願いいたします。
公演当日はご自身の端末でログインしていただきご入場ください。
公演日入場しましたら速やかにログアウトをし、受取通知をお願い致します。
入場後はサイチェン等して頂いて構いません。
公演中止の場合のみ手数料を差し引いた額を返金致します。
その他入場時のランダムエラー、本人確認、体調不良、交通機関トラブル、出演者変更など如何なる場合でも返金は致しかねますのでご了承ください。
上記ご理解いただける日本人の方のみご購入をお願いいたします。",True,2026-07
sold_acees-arena-tour-v_1784924934792_13000,1784924934792,acees-arena-tour-v,2026-08-29,12:30,Asueアリーナ大阪,electronic,female,同行,,,,,2026-07-24 20:28:54,2026-08-28 16:01:17,2026-08-27 07:17:28,,sold,1,13000,"初期当選指定席のみ一般なしすべて有効期限内名義変更ボタンあり 同一クレカ決済なし 座席未定

入場後に一度チケットを回収し、ランダムで配布いたします。購入者ご本...",False,2026-07
kykqur04es,1784516050008,acees-arena-tour-v,2026-08-29,12:30,Asueアリーナ大阪,electronic,female,同行（入場エラー時キャンセル対応可）,🩵,5.0,,同行番手,2026-07-20 02:54:10,2026-08-28 16:01:17,,,listing,1,43000,"情報局【2名義中2番手】初期当選/該当名義/変更ボタンあり/有効期限内/会員番号下3桁提示可/すり替え解散なし
（初当選と前回スタンド名義）
　
公演当日11:...",True,2026-07
eiph4wu6sk,1784554078295,acees-arena-tour-v,2026-08-29,12:30,Asueアリーナ大阪,electronic,none,同行,なゆ,5.0,,ランダム,2026-07-20 13:27:58,2026-08-28 16:01:17,2026-08-28 06:01:16,transition_observed,sold,1,13000,"公演当日、開場40分前を目安に会場付近にて待ち合わせし、同時入場していただきます。
詳しい待ち合わせ時間や場所等は、前日夜または当日朝に連ボードでお知らせします...",True,2026-07
iby1jegucf,1784877868527,acees-arena-tour-v,2026-08-29,12:30,Asueアリーナ大阪,electronic,none,同行,ひだ,4.7,,ランダム記載あり,2026-07-24 07:24:28,2026-08-28 16:01:17,,,listing,2,31000,"8名義中7番手

※必ずご確認お願いいたします

・同時入場後、一度チケットを回収し解散させていただきます。こちらが選ばなかった8名義中7番手のチケットをお渡し...",True,2026-07
sold_acees-arena-tour-v_1784111648849_36000,1784111648849,acees-arena-tour-v,2026-08-29,12:30,Asueアリーナ大阪,electronic,none,同行,,,,,2026-07-15 10:34:08,2026-08-28 16:01:17,2026-08-27 07:17:28,,sold,1,36000,"2名義中2番手/初期当選/該当名義/有効期限内/すり替えなし/下3桁提示可

連番内の座席はもう1名の2番手の方に先にお選びいただく形になりますので、ご了承いた...",False,2026-07
sold_acees-arena-tour-v_1784877709855_11000,1784877709855,acees-arena-tour-v,2026-08-29,12:30,Asueアリーナ大阪,electronic,none,同行,,,,,2026-07-24 07:21:49,2026-08-28 16:01:17,2026-08-27 07:17:28,,sold,2,11000,"※必ずご確認ください
複数名義所持の為ランダム配布となります。

【条件あり】
 
・複数名義所持している為、同時入場後、一度全てのチケットを回収いたします。...",False,2026-07
sold_acees-arena-tour-v_1784878610292_11000,1784878610292,acees-arena-tour-v,2026-08-29,12:30,Asueアリーナ大阪,electronic,none,同行,,,,,2026-07-24 07:36:50,2026-08-28 16:01:17,2026-08-27 07:17:28,,sold,2,11000,"※必ずご確認ください
複数名義所持の為ランダム配布となります。

【条件あり】
 
・複数名義所持している為、同時入場後、一度全てのチケットを回収いたします。...",False,2026-07
tm87xnzyda,1784104595286,acees-arena-tour-v,2026-08-29,12:30,Asueアリーナ大阪,electronic,female,同行,さ,5.0,,同行,2026-07-15 08:36:35,2026-08-27 14:01:13,,,deleted,1,50000,"2連中1枚(当方と同行)    深田担不可
開演30分前目安に会場付近で待ち合わせ予定。
初期当選、該当名義、変ボ有、有効期限内、希望あれば下3桁提示可。
座席に関しましては当方が選ばなかった方のチケットをお渡しいたします。
サイチェンや盗撮録音しない方でお願いします。
座席によるクレームやランエラ等、公演中止以外の返金はいたしません。
大幅な遅刻等も待たずに入場しますので、時間厳守でお願いいたします。
上記全てご理解いただいた上で、成人済みの女性のみご購入ください。",True,2026-07
sold_acees-arena-tour-v_1784466300563_30000,1784466300563,acees-arena-tour-v,2026-08-29,12:30,Asueアリーナ大阪,electronic,female,同行,,,,,2026-07-19 13:05:00,2026-08-28 16:01:17,2026-08-27 07:17:28,,sold,2,30000,"★すり替えなしランダム配布★
下記全てお読み頂き、なにかご不明点ございましたらコメント欄までお願いいたします。

ご購入者様はチケットの選択ができません。
開場...",False,2026-07
sold_acees-arena-tour-v_1783259229202_62000,1783259229202,acees-arena-tour-v,2026-08-29,12:30,Asueアリーナ大阪,electronic,female,公演前日にログイン情報共有,,,,,2026-07-05 13:47:09,2026-08-28 16:01:17,2026-08-27 07:17:28,,sold,1,62000,"QR毎(1枚)のお譲り

該当(那須)名義
有効期限内
すり替えなし
下三桁提示可能
初期当選

◎公演3日前になりましたら会員番号とパスワードをお伝えいたしま...",False,2026-07
sold_acees-arena-tour-v_1784452809229_47000,1784452809229,acees-arena-tour-v,2026-08-29,12:30,Asueアリーナ大阪,electronic,female,同行,,,,,2026-07-19 09:20:09,2026-08-28 16:01:17,2026-08-27 07:17:28,,sold,1,47000,"座席未定／3名義中2番手／すべて有効期間内該当名義ボタンあり／すり替えなし下3桁提示可 

3名義ともACEes該当名義・指定席・初期当選・有効期限内ボタンあり...",False,2026-07
sold_acees-arena-tour-v_1784907548504_9500,1784907548504,acees-arena-tour-v,2026-08-29,12:30,Asueアリーナ大阪,electronic,female,同行,,,,,2026-07-24 15:39:08,2026-08-28 16:01:17,2026-08-27 07:17:28,,sold,1,9500,"ランダム配布 指定席チケット

開場30分前程度に会場付近で待ち合わせ、同時入場していただきます。
複数名義所持しております。同時入場をしてチケットを回収後一度...",False,2026-07
sold_acees-arena-tour-v_1784442707412_50000,1784442707412,acees-arena-tour-v,2026-08-29,12:30,Asueアリーナ大阪,electronic,female,同行,,,,,2026-07-19 06:31:47,2026-08-28 16:01:17,2026-08-27 07:17:28,,sold,1,50000,"2名義中1番手 当方と同行(深田担不可) 当方と同時入場してもらい、座席選択後にチケットをお渡しさせていただきます。
いずれも該当名義 下3桁提示可能 有効期限...",False,2026-07
sold_acees-arena-tour-v_1784530690749_52000,1784530690749,acees-arena-tour-v,2026-08-29,12:30,Asueアリーナ大阪,electronic,female,同行,,,,,2026-07-20 06:58:10,2026-08-28 16:01:17,2026-08-27 07:17:28,,sold,1,52000,"2連中1枚同行　作間担不可
初期当選/該当名義（変更ボタンあり）/重複すり替えなし/下3桁提示可/有効期限内/女性名義

公演当日開場の20分前を目安に会場付近...",False,2026-07
sold_acees-arena-tour-v_1784020819194_40000,1784020819194,acees-arena-tour-v,2026-08-29,12:30,Asueアリーナ大阪,electronic,female,2名義中2番手,,,,,2026-07-14 09:20:19,2026-08-28 16:01:17,2026-08-27 07:17:28,,sold,1,40000,"2名義中2番手

初期当選・該当名義（変更ボタンあり）・有効期限内・すり替えなし・下3桁提示可能

12時に会場付近にてお待ち合わせお願いします。
同時入場し発...",False,2026-07
sold_acees-arena-tour-v_1784356214037_10000,1784356214037,acees-arena-tour-v,2026-08-29,12:30,Asueアリーナ大阪,electronic,none,ランダム配布,,,,,2026-07-18 06:30:14,2026-08-28 16:01:17,2026-08-27 07:17:28,,sold,1,10000,"❤️大阪全公演まとめ買い歓迎 中相場買取可❤️
⚠️購入後に必ず電話番号を送信してください
同時入場後、当方が座席選択後にお譲りするチケットをランダムにてお渡し...",False,2026-07
sold_acees-arena-tour-v_1783865204116_13000,1783865204116,acees-arena-tour-v,2026-08-29,12:30,Asueアリーナ大阪,electronic,female,同行,,,,,2026-07-12 14:06:44,2026-08-28 16:01:17,2026-08-27 07:17:28,,sold,1,13000,"
【ランダム配布のためご理解ある方のみご購入ください】

開場30分前に待ち合わせし同時入場していただきます。詳しい待ち合わせ時間や場所は連絡ボードにてご連絡い...",False,2026-07
sold_acees-arena-tour-v_1784925212088_14000,1784925212088,acees-arena-tour-v,2026-08-29,12:30,Asueアリーナ大阪,electronic,female,同行,,,,,2026-07-24 20:33:32,2026-08-28 16:01:17,2026-08-27 07:17:28,,sold,1,14000,"初期当選指定席のみ一般なしすべて有効期限内名義変更ボタンあり 同一クレカ決済なし 座席未定

入場後に一度チケットを回収し、ランダムで配布いたします。購入者ご本...",False,2026-07
sold_acees-arena-tour-v_1783865479282_50000,1783865479282,acees-arena-tour-v,2026-08-29,12:30,Asueアリーナ大阪,electronic,female,入金後3時間以内にQRコード共有,,,,,2026-07-12 14:11:19,2026-08-28 16:01:17,2026-08-27 07:17:28,,sold,2,50000,"情報局先行 ACEes 那須雄登名義 初期当選 指定席 2枚申し込み QRごとのお譲り 条件ございません 座席未定

情報局先行 ２枚申込みでの当選しました。...",False,2026-07
sold_acees-arena-tour-v_1784925167537_10000,1784925167537,acees-arena-tour-v,2026-08-29,12:30,Asueアリーナ大阪,electronic,female,同行,,,,,2026-07-24 20:32:47,2026-08-28 16:01:17,2026-08-27 07:17:28,,sold,1,10000,"初期当選指定席のみ一般なしすべて有効期限内名義変更ボタンあり 同一クレカ決済なし 座席未定

入場後に一度チケットを回収し、ランダムで配布いたします。購入者ご本...",False,2026-07
sold_acees-arena-tour-v_1784292655422_55000,1784292655422,acees-arena-tour-v,2026-08-29,12:30,Asueアリーナ大阪,electronic,female,同行,,,,,2026-07-17 12:50:55,2026-08-28 16:01:17,2026-08-27 07:17:28,,sold,1,55000,"2連中1枚
初期当選/該当名義/有効期限内/重複すり替えなし/変更ボタンあり/下3桁提示可/深田担不可

開場20分前頃に会場付近にて集合予定です。詳しい集合場...",False,2026-07
k07qy5uj5e,1784877607155,acees-arena-tour-v,2026-08-29,12:30,Asueアリーナ大阪,electronic,none,同行,,,,,2026-07-24 07:20:07,2026-08-27 08:01:09,,,deleted,1,11000,"※必ずご確認ください
複数名義所持の為ランダム配布となります。

【条件あり】
 
・複数名義所持している為、同時入場後、一度全てのチケットを回収いたします。...",False,2026-07
sold_acees-arena-tour-v_1784553694367_28000,1784553694367,acees-arena-tour-v,2026-08-29,12:30,Asueアリーナ大阪,electronic,female,同行,,,,,2026-07-20 13:21:34,2026-08-28 16:01:17,2026-08-27 07:17:28,,sold,2,28000,"情報局【5名義中5番手】初期当選/該当名義/変更ボタンあり/有効期限内/会員番号下3桁提示可/すり替えなし
公演当日開場40分前を目安に会場付近で待ち合わせし、...",False,2026-07
sold_acees-arena-tour-v_1784878306396_10341,1784878306396,acees-arena-tour-v,2026-08-29,12:30,Asueアリーナ大阪,electronic,none,同行,,,,,2026-07-24 07:31:46,2026-08-28 16:01:17,2026-08-27 07:17:28,,sold,1,10341,"8名義中8番手

※必ずご確認お願いいたします

・同時入場後、一度チケットを回収し解散させていただきます。こちらが選ばなかった8名義中8番手のチケットをお渡し...",False,2026-07
sold_acees-arena-tour-v_1784924890057_10000,1784924890057,acees-arena-tour-v,2026-08-29,17:30,Asueアリーナ大阪,electronic,female,同行,,,,,2026-07-24 20:28:10,2026-08-28 16:01:17,2026-08-27 07:17:28,,sold,1,10000,"初期当選指定席のみ一般なしすべて有効期限内名義変更ボタンあり 同一クレカ決済なし 座席未定

入場後に一度チケットを回収し、ランダムで配布いたします。購入者ご本...",False,2026-07
sold_acees-arena-tour-v_1783478235111_47500,1783478235111,acees-arena-tour-v,2026-08-29,17:30,Asueアリーナ大阪,electronic,male,公演日前日までにQRコード共有,,,,,2026-07-08 02:37:15,2026-08-28 16:01:17,2026-08-27 07:17:28,,sold,2,47500,"初期当選/該当名義（変更ボタンあり）/下3桁提示可/Pay-easy決済/有効期限内/サイチェン可/着席希望なし

公演前日までにログイン情報をお伝えします。...",False,2026-07
sold_acees-arena-tour-v_1784737797180_14000,1784737797180,acees-arena-tour-v,2026-08-29,17:30,Asueアリーナ大阪,electronic,female,同行,,,,,2026-07-22 16:29:57,2026-08-28 16:01:17,2026-08-27 07:17:28,,sold,1,14000,"【4名義所持 全て有効期限内該当名義初期当選ボタンあり】
中相場買取相談可能です。
以下を必ずお読みになって、ご理解した上でのご購入をお願いいたします。

・当...",False,2026-07
sold_acees-arena-tour-v_1784901160351_40000,1784901160351,acees-arena-tour-v,2026-08-29,17:30,Asueアリーナ大阪,electronic,female,公演日前日にログイン情報共有,,,,,2026-07-24 13:52:40,2026-08-28 16:01:17,2026-08-27 07:17:28,,sold,2,40000,"QR毎でのお譲りになります。

初期当選/重複、すり替えなし/該当名義選（変更ボタンあり）/下3桁提示可/有効期限内/同行者登録可/着ブロ希望なし

トラブル防...",False,2026-07
swyrhat84y,1783488359179,acees-arena-tour-v,2026-08-29,17:30,Asueアリーナ大阪,electronic,female,前日までにログイン情報共有,T,5.0,,QR,2026-07-08 05:25:59,2026-08-28 10:01:11,,,deleted,2,46000,"情報局先行初期当選/QR毎/会員期限内・変更ボタンあり/重複すり替えなし/下3桁提示可/着ブロ指定なし/エラー歴なし/該当名義/同行者登録🉑

・公演前日まで...",True,2026-07
sold_acees-arena-tour-v_1784239526537_48000,1784239526537,acees-arena-tour-v,2026-08-29,17:30,Asueアリーナ大阪,electronic,female,入金後3時間以内にQRコード共有,,,,,2026-07-16 22:05:26,2026-08-28 16:01:17,2026-08-27 07:17:28,,sold,2,48000,"情報局先行 初期当選 ACEes 那須雄登名義 指定席 2枚申し込み QRごとのお譲り 条件ご
ざいません 座席未定

情報局先行 ２枚申込みでの当選
都合によ...",False,2026-07
sold_acees-arena-tour-v_1784546995320_25000,1784546995320,acees-arena-tour-v,2026-08-29,17:30,Asueアリーナ大阪,electronic,female,同行,,,,,2026-07-20 11:29:55,2026-08-28 16:01:17,2026-08-27 07:17:28,,sold,2,25000,"7名義中7番手
すべて該当名義/有効期限内/変更ボタン有/着ブロ希望なし/初期当選/下3桁提示可

・当日は集合後、同時入場していただきます。
・同時入場後、チ...",False,2026-07
sold_acees-arena-tour-v_1783476000323_35000,1783476000323,acees-arena-tour-v,2026-08-29,17:30,Asueアリーナ大阪,electronic,female,公演日当日QRコード共有,,,,,2026-07-08 02:00:00,2026-08-28 16:01:17,2026-08-27 07:17:28,,sold,2,35000,"3名義中3番手となります。
3名義とも重複すり替えなし/初期当選/下3桁提示可/有効期限内/該当名義/変更ボタン有/女性名義

公演当日、会場付近にて集合し同時...",False,2026-07
sold_acees-arena-tour-v_1785045049427_48000,1785045049427,acees-arena-tour-v,2026-08-29,17:30,Asueアリーナ大阪,electronic,female,入金後3時間以内にQRコード共有,,,,,2026-07-26 05:50:49,2026-08-28 16:01:17,2026-08-27 07:17:28,,sold,2,48000,"情報局先行 ACEes 那須雄登名義 初期当選 指定席 2枚申し込み QRごとのお譲り 条件ございません 座席未定

情報局先行 ２枚申込みでの当選しました。...",False,2026-07
sold_acees-arena-tour-v_1783420271377_39000,1783420271377,acees-arena-tour-v,2026-08-29,17:30,Asueアリーナ大阪,electronic,female,開場30分前頃、最寄駅または会場付近にて待ち合わせし、同時入場していただきます。 ,,,,,2026-07-07 10:31:11,2026-08-28 16:01:17,2026-08-27 07:17:28,,sold,1,39000,情報局先行/ 座席未定/ 2名義中2番手/どちらも初期当選/該当名義変更ボタンあり/有効期限内/すり替えなし/下三桁提示可能/コンビニ払い/着席希望なし/サイチ...,False,2026-07
sold_acees-arena-tour-v_1784169988526_52000,1784169988526,acees-arena-tour-v,2026-08-29,17:30,Asueアリーナ大阪,electronic,female,公演前日QRコード共有,,,,,2026-07-16 02:46:28,2026-08-28 16:01:17,2026-08-27 07:17:28,,sold,2,52000,初期当選/該当名義/変更ボタン有/有効期限内/すり替えなし/着ブロ希望なし/下3桁提示可/同行者登録可,False,2026-07
sold_acees-arena-tour-v_1784591086956_48000,1784591086956,acees-arena-tour-v,2026-08-29,17:30,Asueアリーナ大阪,electronic,female,入金後3時間以内にQRコード共有,,,,,2026-07-20 23:44:46,2026-08-28 16:01:17,2026-08-27 07:17:28,,sold,2,48000,"情報局先行 ACEes 那須雄登名義 初期当選 指定席 2枚申し込み QRごとのお譲り 条件ございません 座席未定

情報局先行 ２枚申込みでの当選しました。...",False,2026-07
sold_acees-arena-tour-v_1784466360770_25000,1784466360770,acees-arena-tour-v,2026-08-29,17:30,Asueアリーナ大阪,electronic,female,同行,,,,,2026-07-19 13:06:00,2026-08-28 16:01:17,2026-08-27 07:17:28,,sold,2,25000,"★すり替えなしランダム配布★
下記全てお読み頂き、なにかご不明点ございましたらコメント欄までお願いいたします。

ご購入者様はチケットの選択ができません。
開場...",False,2026-07
sold_acees-arena-tour-v_1783140477292_45000,1783140477292,acees-arena-tour-v,2026-08-29,17:30,Asueアリーナ大阪,electronic,female,同行,,,,,2026-07-04 04:47:57,2026-08-28 16:01:17,2026-08-27 07:17:28,,sold,1,45000,"⭐︎本人確認対応可能⭐︎
同行/有効期限内/初期当選/該当名義（変更ボタン有）/下3桁表示可/すり替えなし/重複なし/同担可
・当方の同行者としてご入場いただき...",False,2026-07
sold_acees-arena-tour-v_1785505404432_52000,1785505404432,acees-arena-tour-v,2026-08-29,17:30,Asueアリーナ大阪,electronic,female,同行,,,,,2026-07-31 13:43:24,2026-08-28 16:01:17,2026-08-27 07:17:28,,sold,1,52000,"同行/本人確認対応可/重複すり替えなし/初期当選/該当名義/下3桁提示可/サイチェン可/担不問
該当担ではないため担当不問です。

当方名義での入場となりますの...",False,2026-07
sold_acees-arena-tour-v_1784187279111_12000,1784187279111,acees-arena-tour-v,2026-08-29,17:30,Asueアリーナ大阪,electronic,none,ランダム配布,,,,,2026-07-16 07:34:39,2026-08-28 16:01:17,2026-08-27 07:17:28,,sold,1,12000,"❤️大阪全公演まとめ買い歓迎 中相場買取可❤️
購入後に必ず電話番号を送信してください
同時入場後、当方が座席選択後にお譲りするチケットをランダムにてお渡し致し...",False,2026-07
sold_acees-arena-tour-v_1784924839320_13000,1784924839320,acees-arena-tour-v,2026-08-29,17:30,Asueアリーナ大阪,electronic,female,同行,,,,,2026-07-24 20:27:19,2026-08-28 16:01:17,2026-08-27 07:17:28,,sold,1,13000,"初期当選指定席のみ一般なしすべて有効期限内名義変更ボタンあり 同一クレカ決済なし 座席未定

入場後に一度チケットを回収し、ランダムで配布いたします。購入者ご本...",False,2026-07
sold_acees-arena-tour-v_1783771198478_20000,1783771198478,acees-arena-tour-v,2026-08-29,17:30,Asueアリーナ大阪,electronic,female,同行,,,,,2026-07-11 11:59:58,2026-08-28 16:01:17,2026-08-27 07:17:28,,sold,2,20000,当日は開場時間の15~30分前頃にこちらが指定した場所に集合していただき同時入場後、先に当方が座席選択した後チケットをランダムにお渡しします。座席は選択できませ...,False,2026-07
1nyk9pq9ul,1784879333012,acees-arena-tour-v,2026-08-29,17:30,Asueアリーナ大阪,electronic,none,同行,ひだ,4.7,,ランダム記載あり,2026-07-24 07:48:53,2026-08-28 16:01:17,2026-08-28 13:01:11,transition_observed,sold,2,33000,"3名義中3番手

※必ずご確認お願いいたします

・同時入場後、一度チケットを回収し解散させていただきます。こちらが選ばなかった3名義中3番手のチケットをお渡し...",True,2026-07
sold_acees-arena-tour-v_1784174171607_10000,1784174171607,acees-arena-tour-v,2026-08-29,17:30,Asueアリーナ大阪,electronic,none,ランダム配布,,,,,2026-07-16 03:56:11,2026-08-28 16:01:17,2026-08-27 07:17:28,,sold,1,10000,"公演当日、16:00前後会場付近にて待ち合わせし、同時入場していただきます。
詳しい待ち合わせ時間・場所等は、前日にお知らせします。
必ず時間厳守でお願いいたし...",False,2026-07
3kp1srw4k6,1784925007107,acees-arena-tour-v,2026-08-29,17:30,Asueアリーナ大阪,electronic,female,同行,たと,5.0,,ランダム記載あり,2026-07-24 20:30:07,2026-08-28 16:01:17,2026-08-28 09:01:14,transition_observed,sold,1,15000,"初期当選指定席のみ一般なしすべて有効期限内名義変更ボタンあり 同一クレカ決済なし 座席未定

入場後に一度チケットを回収し、ランダムで配布いたします。購入者ご本...",True,2026-07
vzcva5lzgy,1785139939587,acees-arena-tour-v,2026-08-29,17:30,Asueアリーナ大阪,electronic,female,同行,a,5.0,,同行,2026-07-27 08:12:19,2026-08-28 16:01:17,2026-08-27 13:01:15,,sold,1,51000,"2連中1枚/初期当選/該当名義/変更ボタンあり/重複すり替えなし/下3桁提示可/有効期限内/サイチェン可/
当方(那須担)との同行になります。
公演当日、開演1時間前に集合し同時入場していただきます。詳細は公演が近付きましたら連絡ボードにてお知らせいたします。当日は、チケットを発券しお渡し後すぐに受取評価をお願いいたします。座席に関するクレームはお控えください。未成年、代理での購入はご遠慮願います。
購入者様都合によるキャンセル、交通機関での遅刻、体調不良、ランダムエラーなど如何なる理由であっても受取評価をしていただきます。
公演中止の場合のみ手数料を引いた金額をご返金させていただきます。
上記内容を同意していただける方のみご購入をお願いいたします。
質問等ございましたら連絡ボードにてご対応させていただきます。",True,2026-07
sold_acees-arena-tour-v_1785221943897_48000,1785221943897,acees-arena-tour-v,2026-08-29,17:30,Asueアリーナ大阪,electronic,female,入金後3時間以内にQRコード共有,,,,,2026-07-28 06:59:03,2026-08-28 16:01:17,2026-08-27 07:17:28,,sold,2,48000,"情報局先行 初期当選 ACEes 浮所飛貴名義 指定席 2枚申し込み QRごとのお譲り 条件ご
ざいません 座席未定

情報局先行 ２枚申込みでの当選
都合によ...",False,2026-07
s92oa9pjov,1784910510932,acees-arena-tour-v,2026-08-29,17:30,Asueアリーナ大阪,electronic,none,⭐️重複すり替えなし同行⭐️,し★,5.0,,同行,2026-07-24 16:28:30,2026-08-27 11:01:15,,,deleted,1,47000,"⭐️重複すり替えなし同行 2連の1枚⭐️
初期当選/該当名義 変更ボタンあり/ 有効期限内 / 下3桁提示可 /重複すり替えなし同行
公演当日、入場開始時間の20分前16:10に会場付近にて待ち合わせし、同時入場していただきます。
必ず時間厳守でお願い致します。万が一、遅刻の場合は先に入りますが、その場合でも必ず受け取り通知はして頂きます。
念の為、電波や他に何かあった時のために、ハンドルネームと、携帯番号を必ず交換させておいて下さい。
入場後、2連の1枚を当方が座席を選択したあと、残りの1枚をお渡し致します。
その際に受け取り通知をその場でして頂きます。
一旦席まで行って選ばせて頂きますので、なるべく10-15分以内に早めにはお渡しさせて頂きます。
当方、浮所担になりますので浮所担以外でお願いします。
詳しい待ち合わせ時間と場所等は、公演前日の夜にお知らせいたします。
🌸下記必ずお読みして、納得の方のみ購入下さい🌸
⬇️
2連のQRを2個持って入ります。
それぞれのQRの2連の1枚をお譲りする形とさせて頂きます。それぞれの下3桁は開示します。
隣に当方ではなく、別の浮所担の方が片方は座る形となりますので、それでもいいですって方のみ購入下さい。
購入後のクレームは一切お受けできませんので、ご了承ください。
【注意事項】
・遅刻、本人確認やランダムエラー、体調不良等の公演中止以外の理由では返金不可ですのでご了承ください。如何なる場合も受取評価をして頂く形になります。
・購入者都合のキャンセルは如何なる場合でも受け付けておりません。万が一キャンセルのお申し出があった場合も恐れ入りますが、受取評価して頂きます。
・トラブル防止のため代理購入はお辞めください。必ず当日入場されるご本人がご購入下さい。
・日本語の通じる日本人の方、および、こまめに連絡の取れる方のみご購入ください。
⚠️プライベートチケットもしくはプラベルでのお取引希望ですので、購入希望の方は、コメント質問より担当と金額とサイトのご希望を記載して、お問い合わせください。サイト作成の上、URL添付させて頂きます。",True,2026-07
sold_acees-arena-tour-v_1783865741800_48000,1783865741800,acees-arena-tour-v,2026-08-29,17:30,Asueアリーナ大阪,electronic,female,入金後3時間以内にQRコード共有,,,,,2026-07-12 14:15:41,2026-08-28 16:01:17,2026-08-27 07:17:28,,sold,2,48000,"情報局先行 ACEes 浮所飛貴名義 初期当選 指定席 2枚申し込み QRごとのお譲り 条件ございません 座席未定

情報局先行 ２枚申込みでの当選しました。...",False,2026-07
sold_acees-arena-tour-v_1784356248292_10000,1784356248292,acees-arena-tour-v,2026-08-29,17:30,Asueアリーナ大阪,electronic,none,ランダム配布,,,,,2026-07-18 06:30:48,2026-08-28 16:01:17,2026-08-27 07:17:28,,sold,1,10000,"❤️大阪全公演まとめ買い歓迎 中相場買取可❤️
⚠️購入後に必ず電話番号を送信してください
同時入場後、当方が座席選択後にお譲りするチケットをランダムにてお渡し...",False,2026-07
sold_acees-arena-tour-v_1784445741457_53000,1784445741457,acees-arena-tour-v,2026-08-29,17:30,Asueアリーナ大阪,electronic,none,同行,,,,,2026-07-19 07:22:21,2026-08-28 16:01:17,2026-08-27 07:17:28,,sold,1,53000,2名義中1番手　初期当選　すり替えなし　有効期限内（該当名義×1 非該当×1）　変更ボタンあり　郵便物戻りなし　下3桁提示可　作間担不可　当方との同行　連番内の...,False,2026-07
sold_acees-arena-tour-v_1784449496081_35000,1784449496081,acees-arena-tour-v,2026-08-29,17:30,Asueアリーナ大阪,electronic,none,同行,,,,,2026-07-19 08:24:56,2026-08-28 16:01:17,2026-08-27 07:17:28,,sold,2,35000,"2名義中2番手　初期当選　すり替えなし　有効期限内　郵便物戻りなし　下3桁提示可
（該当名義×1 非該当×1）変更ボタンあり
開場15分前に会場付近に集合した後...",False,2026-07
sold_acees-arena-tour-v_1784676425299_48000,1784676425299,acees-arena-tour-v,2026-08-29,17:30,Asueアリーナ大阪,electronic,female,入金後3時間以内にQRコード共有,,,,,2026-07-21 23:27:05,2026-08-28 16:01:17,2026-08-27 07:17:28,,sold,2,48000,"情報局先行 初期当選 ACEes 佐藤龍我名義 指定席 2枚申し込み QRごとのお譲り 条件ご
ざいません 座席未定

情報局先行 ２枚申込みでの当選
都合によ...",False,2026-07
sold_acees-arena-tour-v_1783927830248_40000,1783927830248,acees-arena-tour-v,2026-08-29,17:30,Asueアリーナ大阪,electronic,female,同行,,,,,2026-07-13 07:30:30,2026-08-28 16:01:17,2026-08-27 07:17:28,,sold,1,40000,"2連中1枚同行/初期当選/該当名義/変ボ有場合によりすり替え有/下3桁提示可/有効期限内/サイチェン可/

公演当日開演1時間前を目安に会場付近に集合し、同時入...",False,2026-07
sold_acees-arena-tour-v_1783998080244_12000,1783998080244,acees-arena-tour-v,2026-08-29,17:30,Asueアリーナ大阪,electronic,none,ランダム配布,,,,,2026-07-14 03:01:20,2026-08-28 16:01:17,2026-08-27 07:17:28,,sold,1,12000,"
❤️大阪全公演まとめて可 中相場買取可❤️
購入後に必ず電話番号を送信してください
同時入場後、当方が座席選択後にお譲りするチケットをランダムにてお渡し致しま...",False,2026-07
md86yq0ruv,1784097511552,acees-arena-tour-v,2026-08-29,17:30,Asueアリーナ大阪,electronic,female,同行,な,5.0,,同行番手QR,2026-07-15 06:38:31,2026-08-28 16:01:17,2026-08-28 11:01:14,transition_observed,sold,1,35000,"2名義中2番手/すべて初期当選/該当名義/変更ボタン有/すり替えなし/下3桁提示可/ペイジー決済

開場時間までにお待ち合せ後、同時入場となります。
2番手のチ...",True,2026-07
qq2azypzq0,1785206759552,acees-arena-tour-v,2026-08-29,17:30,Asueアリーナ大阪,electronic,female,ログイン情報共有,な,5.0,,QR,2026-07-28 02:45:59,2026-08-28 16:01:17,2026-08-27 16:01:18,,sold,1,75000,"QRごと/該当名義(変更ボタンあり)/初期当選分/有効期限内/着ブロ申込なし
郵送物戻り、過去エラーなし
購入後会員番号下3桁提示可 下記事項にご了承いただける方のみ申請をお願いいたします。 購入後、公演前日にQRコード表示に必要なログイン情報をメッセージにてお知らせいたします。
当日入場後は速やかにファンクラブログアウト、受取完了のご連絡をお願いいたします。 名義人の身分証明書の貸し出しはいたしません。
用意されたお座席に納得がいかない、希望するお座席ではなかった等の理由でのキャンセル、返金要請、送金停止依頼などの迷惑行為はお辞めください。 お座席に納得がいかなかった場合はご自身でサイドチェンジ等行ってください。
その場合、こちらでは責任を負いませんのですべて自己責任でお願いいたします。 ログイン後、マイページの登録情報や公演申込履歴などQRコード表示、該当公演に関するページ以外へのアクセスはお控えください。
購入後のキャンセル、座席等のクレーム、買い手様の急な体調不良や公共交通機関の遅延等でのキャンセルや公演中止以外での返金はいたしません。 やむを得ず公演に参加できない場合はご自身で代わりに入場される方を探してください。
その場合も必ず受取完了の手続きをお願いいたします。 ランダムエラーで入場できなかった場合も自己責任のため返金はいたしません。
買い手様ご自身の違反行為で退場となった場合もこちらには何の責任もございませんので返金対応はいたしません。 不明な点や質問等は購入申請前に必ずお問合せください。 値下げ要請や過去の当選履歴等に関する非常識なコメントは削除、ブロックいたしますのでご了承ください。
コンビニ払いの申請通しておりませんのでご了承ください。 上記をよくお読みいただき、すべてご了承いただける日本人の方のみ申請をお願いいたします。",True,2026-07
sold_acees-arena-tour-v_1783264372469_11000,1783264372469,acees-arena-tour-v,2026-08-29,17:30,Asueアリーナ大阪,electronic,female,同行,,,,,2026-07-05 15:12:52,2026-08-28 16:01:17,2026-08-27 07:17:28,,sold,1,11000,"【ランダム配布】 5-10分前のお渡し 初期当選のみ

【下記注意事項を必ずご一読ください】
※公演当日、当方と同時入場をしていただきます。
※入場の際、QRコ...",False,2026-07
sold_acees-arena-tour-v_1783919225205_20000,1783919225205,acees-arena-tour-v,2026-08-29,17:30,Asueアリーナ大阪,electronic,female,同行,,,,,2026-07-13 05:07:05,2026-08-28 16:01:17,2026-08-27 07:17:28,,sold,2,20000,"※2連にて購入された方は必ず2連でお渡しいたします。

当日は開場時間の15～30分前を目安にこちらが指定した場所に集合していただき同時入場後、先に当方が座席選...",False,2026-07
sold_acees-arena-tour-v_1784385691563_16000,1784385691563,acees-arena-tour-v,2026-08-29,17:30,Asueアリーナ大阪,electronic,female,同行,,,,,2026-07-18 14:41:31,2026-08-28 16:01:17,2026-08-27 07:17:28,,sold,2,16000,"少人数ランダム配布/該当名義/有効期限内/変更ボタン有/着ブロ希望なし/初期当選/座席未定

ランダム配布であることをご理解のうえご購入ください。
・当日は集合...",False,2026-07
sold_acees-arena-tour-v_1784292875005_55000,1784292875005,acees-arena-tour-v,2026-08-29,17:30,Asueアリーナ大阪,electronic,female,同行,,,,,2026-07-17 12:54:35,2026-08-28 16:01:17,2026-08-27 07:17:28,,sold,1,55000,"2連中1枚
初期当選/該当名義/有効期限内/重複すり替えなし/変更ボタンあり/下3桁提示可/深田担不可

開場20分前頃に会場付近にて集合予定です。詳しい集合場...",False,2026-07
sold_acees-arena-tour-v_1784907599759_8500,1784907599759,acees-arena-tour-v,2026-08-29,17:30,Asueアリーナ大阪,electronic,female,同行,,,,,2026-07-24 15:39:59,2026-08-28 16:01:17,2026-08-27 07:17:28,,sold,1,8500,"ランダム配布 指定席チケット

開場30分前程度に会場付近で待ち合わせ、同時入場していただきます。
複数名義所持しております。同時入場をしてチケットを回収後一度...",False,2026-07
sold_acees-arena-tour-v_1784809469536_52000,1784809469536,acees-arena-tour-v,2026-08-29,17:30,Asueアリーナ大阪,electronic,female,公演前日QRコード共有,,,,,2026-07-23 12:24:29,2026-08-28 16:01:17,2026-08-27 07:17:28,,sold,2,52000,初期当選/該当名義/変更ボタン有/有効期限内/すり替えなし/着ブロ希望なし/下3桁提示可/同行者登録可,False,2026-07
sold_acees-arena-tour-v_1784020984761_35000,1784020984761,acees-arena-tour-v,2026-08-29,17:30,Asueアリーナ大阪,electronic,female,3名義中3番手,,,,,2026-07-14 09:23:04,2026-08-28 16:01:17,2026-08-27 07:17:28,,sold,2,35000,"3名義中3番手

初期当選・該当名義（変更ボタンあり）・有効期限内・すり替えなし・下3桁提示可能

16時45分〜17時ごろ会場付近にてお待ち合わせお願いします...",False,2026-07
sold_acees-arena-tour-v_1783442398407_19500,1783442398407,acees-arena-tour-v,2026-08-29,17:30,Asueアリーナ大阪,electronic,female,同行,,,,,2026-07-07 16:39:58,2026-08-28 16:01:17,2026-08-27 07:17:28,,sold,2,19500,"少人数ランダム配布/2連確約
有効期限内名義
中相場買取可能です。
上乗せで早渡しも検討いたしますのでご提示ください。

複数名義所持のため、同時入場後チケット...",False,2026-07
sold_acees-arena-tour-v_1785298848337_0,1785298848337,acees-arena-tour-v,2026-08-29,17:30,Asueアリーナ大阪,electronic,female,同行,,,,,2026-07-29 04:20:48,2026-08-28 16:01:17,2026-08-27 07:17:28,,sold,1,0,"2名義中1番手／すべて初期当選/該当名義/変更ボタン有/すり替えなし/下3桁提示可／ペイジー決済
開場時間までにお待ち合せ後、同時入場となります。
2名義中1番...",False,2026-07
sold_acees-arena-tour-v_1784038315816_13000,1784038315816,acees-arena-tour-v,2026-08-29,17:30,Asueアリーナ大阪,electronic,female,同行,,,,,2026-07-14 14:11:55,2026-08-28 16:01:17,2026-08-27 07:17:28,,sold,1,13000,"【ランダム配布】 5-10分前のお渡し 初期当選のみ

【下記注意事項を必ずご一読ください】
※公演当日、当方と同時入場をしていただきます。
※入場の際、QRコ...",False,2026-07
sold_acees-arena-tour-v_1784879529082_11000,1784879529082,acees-arena-tour-v,2026-08-29,17:30,Asueアリーナ大阪,electronic,none,同行,,,,,2026-07-24 07:52:09,2026-08-28 16:01:17,2026-08-27 07:17:28,,sold,2,11000,"※必ずご確認ください
複数名義所持の為ランダム配布となります。

【条件あり】
 
・複数名義所持している為、同時入場後、一度全てのチケットを回収いたします。...",False,2026-07
sold_acees-arena-tour-v_1784385639126_15000,1784385639126,acees-arena-tour-v,2026-08-29,17:30,Asueアリーナ大阪,electronic,female,同行,,,,,2026-07-18 14:40:39,2026-08-28 16:01:17,2026-08-27 07:17:28,,sold,2,15000,"少人数ランダム配布/該当名義/有効期限内/変更ボタン有/着ブロ希望なし/初期当選/座席未定

ランダム配布であることをご理解のうえご購入ください。
・当日は集合...",False,2026-07
sold_acees-arena-tour-v_1783846351189_60000,1783846351189,acees-arena-tour-v,2026-08-29,17:30,Asueアリーナ大阪,electronic,female,同行,,,,,2026-07-12 08:52:31,2026-08-28 16:01:17,2026-08-27 07:17:28,,sold,1,60000,"初期当選/情報局座席未定/同行募集/すり替えなし/ACEes名義/有効期限内変更ボタン有/女性名義/那須担不可

初期当選です。
当方(女性)と連番しますが、連...",False,2026-07
sold_acees-arena-tour-v_1784174112727_10000,1784174112727,acees-arena-tour-v,2026-08-29,17:30,Asueアリーナ大阪,electronic,none,ランダム配布,,,,,2026-07-16 03:55:12,2026-08-28 16:01:17,2026-08-27 07:17:28,,sold,1,10000,"公演当日、16:00前後に会場付近にて待ち合わせし、同時入場していただきます。
詳しい待ち合わせ時間・場所等は、前日にお知らせします。
必ず時間厳守でお願いいた...",False,2026-07
zyd6hgnhwi,1784638584317,acees-arena-tour-v,2026-08-29,17:30,Asueアリーナ大阪,electronic,female,同行,なゆ,5.0,,番手,2026-07-21 12:56:24,2026-08-28 16:01:17,2026-08-28 14:01:15,transition_observed,sold,1,45000,"情報局【2名義中2番手】初期当選/該当名義/変更ボタンあり/有効期限内/会員番号下3桁提示可/すり替えなし
公演当日開場20分前を目安に会場付近で待ち合わせし、...",True,2026-07
sold_acees-arena-tour-v_1785137094194_22000,1785137094194,acees-arena-tour-v,2026-08-29,17:30,Asueアリーナ大阪,electronic,female,ランダム配布,,,,,2026-07-27 07:24:54,2026-08-28 16:01:17,2026-08-27 07:17:28,,sold,2,22000,"⭐️少人数ランダム配布(３組以下)
2枚ご購入の方は必ず連番でお渡しします
同時入場後はこちらでチケットを選択後、ランダムでお渡しします。落札者様はお座席を選ぶ...",False,2026-07
sold_acees-arena-tour-v_1784345951344_16000,1784345951344,acees-arena-tour-v,2026-08-29,17:30,Asueアリーナ大阪,pickup_number,female,入金後発券番号共有,,,,,2026-07-18 03:39:11,2026-08-28 16:01:17,2026-08-27 07:17:28,,sold,2,16000,"チケットぴあ 一般 指定席

日時を間違えてしまったため発券番号ごとお譲り先を探しております。

※2名券のためバラ売りは不可です。
※発券番号のみのお譲りにな...",False,2026-07
sold_acees-arena-tour-v_1783995364466_12500,1783995364466,acees-arena-tour-v,2026-08-29,17:30,Asueアリーナ大阪,electronic,female,同行,,,,,2026-07-14 02:16:04,2026-08-28 16:01:17,2026-08-27 07:17:28,,sold,1,12500,"16:00に会場付近にてお待ち合わせお願いいたします。
入場後一旦チケットを回収させていただき、当方が座席を選んだ後ランダムで配布致します。ご自身での座席選択は...",False,2026-07
sold_acees-arena-tour-v_1784618095259_24000,1784618095259,acees-arena-tour-v,2026-08-29,17:30,Asueアリーナ大阪,electronic,none,同行,,,,,2026-07-21 07:14:55,2026-08-28 16:01:17,2026-08-27 07:17:28,,sold,1,24000,"4名義中4番手 全て初期当選 有効期限内 すり替えなし 下3桁提示可能

プライベート出品に変更しますので購入前に必ずメッセージをお願いいたします。

・公演当...",False,2026-07
sold_acees-arena-tour-v_1783863081875_16600,1783863081875,acees-arena-tour-v,2026-08-29,17:30,Asueアリーナ大阪,electronic,female,ランダム配布,,,,,2026-07-12 13:31:21,2026-08-28 16:01:17,2026-08-27 07:17:28,,sold,1,16600,"⭐️少人数ランダム配布(３組以下)

同時入場後はこちらでチケットを選択後、ランダムでお渡しします。落札者様はお座席を選ぶことはできません。座席の確認のためお渡...",False,2026-07
sold_acees-arena-tour-v_1785464304567_48000,1785464304567,acees-arena-tour-v,2026-08-29,17:30,Asueアリーナ大阪,electronic,female,入金後3時間以内にQRコード共有,,,,,2026-07-31 02:18:24,2026-08-28 16:01:17,2026-08-27 07:17:28,,sold,2,48000,"情報局先行 ACEes 那須雄登名義 初期当選 指定席 2枚申し込み QRごとのお譲り 条件ございません 座席未定

情報局先行 ２枚申込みでの当選しました。...",False,2026-07
sold_acees-arena-tour-v_1783865974856_12000,1783865974856,acees-arena-tour-v,2026-08-29,17:30,Asueアリーナ大阪,electronic,female,同行,,,,,2026-07-12 14:19:34,2026-08-28 16:01:17,2026-08-27 07:17:28,,sold,1,12000,"【ランダム配布】 5-10分前のお渡し 初期当選のみ

【下記注意事項を必ずご一読ください】
※公演当日、当方と同時入場をしていただきます。
※入場の際、QRコ...",False,2026-07
sold_acees-arena-tour-v_1784021182973_45000,1784021182973,acees-arena-tour-v,2026-08-29,17:30,Asueアリーナ大阪,electronic,female,3名義中2番手,,,,,2026-07-14 09:26:22,2026-08-28 16:01:17,2026-08-27 07:17:28,,sold,1,45000,"3名義中2番手

初期当選・該当名義（変更ボタンあり）・有効期限内・すり替えなし・下3桁提示可能

16時45分〜17時ごろ会場付近にてお待ち合わせお願いします...",False,2026-07
sold_acees-arena-tour-v_1783258693828_12000,1783258693828,acees-arena-tour-v,2026-08-30,12:30,Asueアリーナ大阪,electronic,female,ランダム配布,,,,,2026-07-05 13:38:13,2026-08-28 16:01:17,2026-08-27 07:17:28,,sold,1,12000,"⭐️少人数ランダム配布⭐️　有効期限内名義　

〈条件あり〉複数名義所持のため、同時入場後チケットを一旦回収し、当方の座席選択後、開演10分前までにランダムでチ...",False,2026-07
sold_acees-arena-tour-v_1784356290973_12000,1784356290973,acees-arena-tour-v,2026-08-30,12:30,Asueアリーナ大阪,electronic,none,ランダム配布,,,,,2026-07-18 06:31:30,2026-08-28 16:01:17,2026-08-27 07:17:28,,sold,1,12000,"❤️大阪全公演まとめ買い歓迎 中相場買取可❤️まとめ買い多少値下げします❤️
⚠️購入後に必ず電話番号を送信してください
同時入場後、当方が座席選択後にお譲りす...",False,2026-07
c8v40tobx0,1784137702056,acees-arena-tour-v,2026-08-30,12:30,Asueアリーナ大阪,electronic,female,すり替え無しランダム,な,5.0,,ランダム記載あり,2026-07-15 17:48:22,2026-08-28 16:01:17,,,listing,1,39000,"・すり替えなしランダムでのお譲りです。

・お取引が確定しましたら、プライベート出品に変更いたします。

・全名義発券後、こちらでチケットを1度回収し、選択しな...",True,2026-07
sold_acees-arena-tour-v_1783856808172_49000,1783856808172,acees-arena-tour-v,2026-08-30,12:30,Asueアリーナ大阪,electronic,female,公演日1日前までに共有,,,,,2026-07-12 11:46:48,2026-08-28 16:01:17,2026-08-27 07:17:28,,sold,2,49000,QR毎/情報局先行/席種未定（着ブロ当選ではございません）/重複すり替えなし/初期当選/該当名義/有効期限内/下3桁提示可/変更ボタンなし/同行者登録可/公演前...,False,2026-07
2axfv9bjq9,1785375349420,acees-arena-tour-v,2026-08-30,12:30,Asueアリーナ大阪,electronic,female,ログイン情報共有,な,5.0,,QR,2026-07-30 01:35:49,2026-08-28 16:01:17,,,listing,1,95000,"QRごと/該当名義(変更ボタンあり)/初期当選分/有効期限内/着ブロ申込なし
郵送物戻り、過去エラーなし
購入後会員番号下3桁提示可 下記事項にご了承いただける...",True,2026-07
hogbl7cpyf,1783859671972,acees-arena-tour-v,2026-08-30,12:30,Asueアリーナ大阪,electronic,female,同行,たろう,5.0,,同行番手,2026-07-12 12:34:31,2026-08-28 16:01:17,,,listing,2,40000,"座席未定 情報局先行 2名義中2番手でのお渡し 全て該当名義 有効期限内 変更ボタンあり 初期当選 下3桁提示可能 すり替えなし 着ブロ希望なし

公演当日こち...",True,2026-07
sold_acees-arena-tour-v_1784270178216_10500,1784270178216,acees-arena-tour-v,2026-08-30,12:30,Asueアリーナ大阪,electronic,female,当日手渡し,,,,,2026-07-17 06:36:18,2026-08-28 16:01:17,2026-08-27 07:17:28,,sold,1,10500,"購入後、当日連絡の取れる電話番号・氏名（苗字のみ可）をメッセージボードにてお知らせください。

・当方と同時入場後、こちらで座席を選択した後に残りの1枚をランダ...",False,2026-07
sold_acees-arena-tour-v_1784021074529_35000,1784021074529,acees-arena-tour-v,2026-08-30,12:30,Asueアリーナ大阪,electronic,female,3名義中3番手,,,,,2026-07-14 09:24:34,2026-08-28 16:01:17,2026-08-27 07:17:28,,sold,1,35000,"3名義中3番手

初期当選・該当名義（変更ボタンあり）・有効期限内・すり替えなし・下3桁提示可能

11時45分〜12時ごろ会場付近にてお待ち合わせお願いします...",False,2026-07
sold_acees-arena-tour-v_1783995487159_13000,1783995487159,acees-arena-tour-v,2026-08-30,12:30,Asueアリーナ大阪,electronic,female,同行,,,,,2026-07-14 02:18:07,2026-08-28 16:01:17,2026-08-27 07:17:28,,sold,1,13000,"11:00に会場付近にてお待ち合わせお願いいたします。
入場後一旦チケットを回収させていただき、当方が座席を選んだ後ランダムで配布致します。ご自身での座席選択は...",False,2026-07
sold_acees-arena-tour-v_1785507452244_9000,1785507452244,acees-arena-tour-v,2026-08-30,12:30,Asueアリーナ大阪,electronic,female,ランダム配布,,,,,2026-07-31 14:17:32,2026-08-28 16:01:17,2026-08-27 07:17:28,,sold,1,9000,11時に此方が指定した集合場所にお集まり頂き、同時入場して頂きます。複数名義所持の為、チケットはランダムで配布させて頂きます。ご購入者様は座席を選ぶことはできま...,False,2026-07
sold_acees-arena-tour-v_1784618331495_30000,1784618331495,acees-arena-tour-v,2026-08-30,12:30,Asueアリーナ大阪,electronic,none,同行,,,,,2026-07-21 07:18:51,2026-08-28 16:01:17,2026-08-27 07:17:28,,sold,1,30000,"4名義中4番手 全て初期当選 有効期限内 すり替えなし 下3桁提示可能

プライベート出品に変更しますので購入前に必ずメッセージをお願いいたします。

・公演当...",False,2026-07
k1pnfw9j2h,1784867998774,acees-arena-tour-v,2026-08-30,12:30,Asueアリーナ大阪,electronic,female,同行,ns,5.0,,番手,2026-07-24 04:39:58,2026-08-28 16:01:17,,,listing,1,47000,"これ以上の値下げ予定なし。決まらない場合削除。3名義中2番手 全て初期当選 ACEes名義 有効期限内 変更ボタン有 すり替えなし 下3桁提示可

こちらをご購...",True,2026-07
sold_acees-arena-tour-v_1783776476303_49000,1783776476303,acees-arena-tour-v,2026-08-30,12:30,Asueアリーナ大阪,electronic,female,入金後24時間以内にQRコード共有,,,,,2026-07-11 13:27:56,2026-08-28 16:01:17,2026-08-27 07:17:28,,sold,2,49000,QR毎/情報局先行/席種未定（着ブロ当選ではございません）/重複すり替えなし/初期当選/該当名義/有効期限内/下3桁提示可/同行者登録可/公演前日にログイン情報...,False,2026-07
sold_acees-arena-tour-v_1784345186622_13000,1784345186622,acees-arena-tour-v,2026-08-30,12:30,Asueアリーナ大阪,electronic,female,同行,,,,,2026-07-18 03:26:26,2026-08-28 16:01:17,2026-08-27 07:17:28,,sold,1,13000,"11:00に会場付近にてお待ち合わせお願いいたします。
入場後一旦チケットを回収させていただき、当方が座席を選んだ後ランダムで配布致します。ご自身での座席選択は...",False,2026-07
sold_acees-arena-tour-v_1784351752084_13000,1784351752084,acees-arena-tour-v,2026-08-30,12:30,Asueアリーナ大阪,electronic,female,同行,,,,,2026-07-18 05:15:52,2026-08-28 16:01:17,2026-08-27 07:17:28,,sold,1,13000,"11:00に会場付近にてお待ち合わせお願いいたします。
入場後一旦チケットを回収させていただき、当方が座席を選んだ後ランダムで配布致します。ご自身での座席選択は...",False,2026-07
niz9zw4nms,1784651110056,acees-arena-tour-v,2026-08-30,12:30,Asueアリーナ大阪,electronic,female,公演前日QRコード共有,🌟,5.0,,QR,2026-07-21 16:25:10,2026-08-28 16:01:17,,,listing,1,80000,"QR毎のお譲りです。
初期当選/QR毎/重複・すり替えなし/女性名義/該当名義/有効期限内/下3桁提示可/着ブロ希望なし/変更ボタンなし

公演日前日に、連絡ボ...",True,2026-07
sold_acees-arena-tour-v_1783515442281_30000,1783515442281,acees-arena-tour-v,2026-08-30,12:30,Asueアリーナ大阪,electronic,female,公演日1日前にQRコード共有,,,,,2026-07-08 12:57:22,2026-08-28 16:01:17,2026-08-27 07:17:28,,sold,2,30000,"QRごと／初期当選/座席未定／非該当名義/有効期間内名義/すり替えなし/下3桁提示可
公演1日前にログイン用の会員番号およびパスワードをご連絡いたします。
同行...",False,2026-07
sold_acees-arena-tour-v_1783865987109_48000,1783865987109,acees-arena-tour-v,2026-08-30,12:30,Asueアリーナ大阪,electronic,female,入金後3時間以内にQRコード共有,,,,,2026-07-12 14:19:47,2026-08-28 16:01:17,2026-08-27 07:17:28,,sold,2,48000,"情報局先行 ACEes 佐藤龍我名義 初期当選 指定席 2枚申し込み QRごとのお譲り 条件ございません 座席未定

情報局先行 ２枚申込みでの当選しました。...",False,2026-07
sold_acees-arena-tour-v_1784106640349_53000,1784106640349,acees-arena-tour-v,2026-08-30,12:30,Asueアリーナ大阪,electronic,female,同行,,,,,2026-07-15 09:10:40,2026-08-28 16:01:17,2026-08-27 07:17:28,,sold,1,53000,"初期当選／重複すり替えなし／有効期限内／どちらも該当名義／2名義中1番手同行／下3桁提示可能／サイチェン可/変更ボタンあり／当方那須担

公演当日、開場15分前...",False,2026-07
sold_acees-arena-tour-v_1784450860210_50000,1784450860210,acees-arena-tour-v,2026-08-30,12:30,Asueアリーナ大阪,electronic,female,公演日前日までにQRコード共有,,,,,2026-07-19 08:47:40,2026-08-28 16:01:17,2026-08-27 07:17:28,,sold,2,50000,"FC先行/該当名義/座席未定/QR毎/初期当選/すり替えなし/着ブロ指定なし/有効期限内/過去エラー無し/下3桁提示可能

公演前日にログイン情報を連絡ボードに...",False,2026-07
sold_acees-arena-tour-v_1783862976123_11999,1783862976123,acees-arena-tour-v,2026-08-30,12:30,Asueアリーナ大阪,electronic,none,ランダム配布,,,,,2026-07-12 13:29:36,2026-08-28 16:01:17,2026-08-27 07:17:28,,sold,1,11999,"⭐️少人数ランダム配布(３組以下)

同時入場後はこちらでチケットを選択後、ランダムでお渡しします。落札者様はお座席を選ぶことはできません。座席の確認のためお渡...",False,2026-07
s3qzaorspq,1784880295955,acees-arena-tour-v,2026-08-30,12:30,Asueアリーナ大阪,electronic,none,同行,ひだ,4.7,,ランダム記載あり,2026-07-24 08:04:55,2026-08-28 14:01:15,,,deleted,2,35000,"4名義中4番手

※必ずご確認お願いいたします

・同時入場後、一度チケットを回収し解散させていただきます。こちらが選ばなかった4名義中4番手のチケットをお渡し...",True,2026-07
sold_acees-arena-tour-v_1784140939657_35000,1784140939657,acees-arena-tour-v,2026-08-30,12:30,Asueアリーナ大阪,electronic,female,3名義中3番手,,,,,2026-07-15 18:42:19,2026-08-28 16:01:17,2026-08-27 07:17:28,,sold,2,35000,"該当名義3名義中3名義目/すり替えなし/下3桁提示可/有効期限内/変更ボタンあり/座席未定/着ブロ希望なし

・当日は集合後、同時入場していただきます。
・当方...",False,2026-07
sold_acees-arena-tour-v_1784466254917_28000,1784466254917,acees-arena-tour-v,2026-08-30,12:30,Asueアリーナ大阪,electronic,female,同行,,,,,2026-07-19 13:04:14,2026-08-28 16:01:17,2026-08-27 07:17:28,,sold,2,28000,"★すり替えなしランダム配布★
下記全てお読み頂き、なにかご不明点ございましたらコメント欄までお願いいたします。

ご購入者様はチケットの選択ができません。
開場...",False,2026-07
sold_acees-arena-tour-v_1784880040744_11000,1784880040744,acees-arena-tour-v,2026-08-30,12:30,Asueアリーナ大阪,electronic,none,同行,,,,,2026-07-24 08:00:40,2026-08-28 16:01:17,2026-08-27 07:17:28,,sold,2,11000,"※必ずご確認ください
複数名義所持の為ランダム配布となります。

【条件あり】
 
・複数名義所持している為、同時入場後、一度全てのチケットを回収いたします。...",False,2026-07
sold_acees-arena-tour-v_1785508118703_50100,1785508118703,acees-arena-tour-v,2026-08-30,12:30,Asueアリーナ大阪,electronic,female,同行,,,,,2026-07-31 14:28:38,2026-08-28 16:01:17,2026-08-27 07:17:28,,sold,1,50100,"2連中1枚(当方と同行)
該当名義/有効期限内/重複すり替えなし/変更ボタンあり/下3桁提示可

当日は開場15分前を目安に会場付近にてお待ち合せ後、当方と一緒...",False,2026-07
sold_acees-arena-tour-v_1785463928500_48000,1785463928500,acees-arena-tour-v,2026-08-30,12:30,Asueアリーナ大阪,electronic,female,入金後3時間以内にQRコード共有,,,,,2026-07-31 02:12:08,2026-08-28 16:01:17,2026-08-27 07:17:28,,sold,2,48000,"情報局先行 初期当選 ACEes 佐藤龍我名義 指定席 2枚申し込み QRごとのお譲り 条件ご
ざいません 座席未定

情報局先行 ２枚申込みでの当選
都合によ...",False,2026-07
li0fzq66y8,1784774461600,acees-arena-tour-v,2026-08-30,12:30,Asueアリーナ大阪,electronic,female,公演前日までにQRコード共有,🤍,5.0,,QR,2026-07-23 02:41:01,2026-08-28 09:01:14,,,deleted,2,44000,"ファンクラブ先行 ACEes名義 初期当選 QR 下3桁提示可能 変更ボタンあり 着ブロなし 有効期限内 重複・すり替えなし

公演前日に連絡ボードにて必要な情...",True,2026-07
sold_acees-arena-tour-v_1784677055807_48000,1784677055807,acees-arena-tour-v,2026-08-30,12:30,Asueアリーナ大阪,electronic,female,入金後3時間以内にQRコード共有,,,,,2026-07-21 23:37:35,2026-08-28 16:01:17,2026-08-27 07:17:28,,sold,2,48000,"情報局先行 ACEes 那須雄登名義 初期当選 指定席 2枚申し込み QRごとのお譲り 条件ございません 座席未定

情報局先行 ２枚申込みでの当選しました。...",False,2026-07
sold_acees-arena-tour-v_1785226679288_58000,1785226679288,acees-arena-tour-v,2026-08-30,12:30,Asueアリーナ大阪,electronic,female,同行,,,,,2026-07-28 08:17:59,2026-08-28 16:01:17,2026-08-27 07:17:28,,sold,1,58000,"2名義中1番手同行/すり替えなし/該当名義/初期当選/有効期限内/変更ボタン有/下3桁提示可能

・公演当日、当方と同時入場していただきます。（開場20分前集合...",False,2026-07
sold_acees-arena-tour-v_1785076348667_43000,1785076348667,acees-arena-tour-v,2026-08-30,12:30,Asueアリーナ大阪,electronic,female,同行,,,,,2026-07-26 14:32:28,2026-08-28 16:01:17,2026-08-27 07:17:28,,sold,1,43000,"🌟プラベル対応可🌟
2連中の1枚同行/該当名義/すり替えなし/初期当選/有効期限内/下3桁提示可/着ブロ希望なし/変更ボタンあり/サイチェン可


当日は開...",False,2026-07
sold_acees-arena-tour-v_1783819371358_55000,1783819371358,acees-arena-tour-v,2026-08-30,12:30,Asueアリーナ大阪,electronic,female,公演日前日にログイン情報共有,,,,,2026-07-12 01:22:51,2026-08-28 16:01:17,2026-08-27 07:17:28,,sold,2,55000,"初期当選　2連QRごとのお譲り　該当名義　変更ボタン有り　有効期限内　下3桁提示可能　

公演日前日にログイン情報をお伝えします。
同行者登録は購入者様ご自身で...",False,2026-07
xd49tirybu,1784348607792,acees-arena-tour-v,2026-08-30,12:30,Asueアリーナ大阪,electronic,female,同行,🩵,5.0,,同行ランダム,2026-07-18 04:23:27,2026-08-28 16:01:17,2026-08-28 16:01:17,transition_observed,sold,1,20000,"開演5-10分前渡し⭐️ランダム配布⭐️残り1枚
ご購入者様は座席をお選びいただけません。
　
11:00に会場付近で待ち合わせし、同時入場していただきます。...",True,2026-07
sold_acees-arena-tour-v_1783903520249_40000,1783903520249,acees-arena-tour-v,2026-08-30,12:30,Asueアリーナ大阪,electronic,female,同行,,,,,2026-07-13 00:45:20,2026-08-28 16:01:17,2026-08-27 07:17:28,,sold,2,40000,"2名義中2番手/すり替えなし/該当名義/初期当選/有効期限内/変更ボタン有/下3桁提示可能

・会場付近にて開場20分前を目安に集合し、同時入場予定です。

・...",False,2026-07
sold_acees-arena-tour-v_1784020516001_16000,1784020516001,acees-arena-tour-v,2026-08-30,12:30,Asueアリーナ大阪,electronic,female,ランダム配布,,,,,2026-07-14 09:15:16,2026-08-28 16:01:17,2026-08-27 07:17:28,,sold,1,16000,"⭐️少人数ランダム配布(３組以下)

同時入場後はこちらでチケットを選択後、ランダムでお渡しします。落札者様はお座席を選ぶことはできません。座席の確認のためお渡...",False,2026-07
sold_acees-arena-tour-v_1783927947888_45000,1783927947888,acees-arena-tour-v,2026-08-30,12:30,Asueアリーナ大阪,electronic,female,同行,,,,,2026-07-13 07:32:27,2026-08-28 16:01:17,2026-08-27 07:17:28,,sold,1,45000,"2連中1枚同行/初期当選/該当名義変ボ有/場合によりすり替え有/下3桁提示可/有効期限内/サイチェン可/

公演当日開演1時間前を目安に会場付近に集合し、同時入...",False,2026-07
gk8al0i9os,1784924744460,acees-arena-tour-v,2026-08-30,12:30,Asueアリーナ大阪,electronic,female,同行,たと,5.0,,ランダム記載あり,2026-07-24 20:25:44,2026-08-28 16:01:17,,,listing,1,18000,"初期当選指定席のみ一般なしすべて有効期限内名義変更ボタンあり 同一クレカ決済なし 座席未定

入場後に一度チケットを回収し、ランダムで配布いたします。購入者ご本...",True,2026-07
sold_acees-arena-tour-v_1784278999495_50000,1784278999495,acees-arena-tour-v,2026-08-30,12:30,Asueアリーナ大阪,electronic,female,同行,,,,,2026-07-17 09:03:19,2026-08-28 16:01:17,2026-08-27 07:17:28,,sold,1,50000,"情報局【4名義中3番手】初期当選/該当名義/変更ボタンあり/有効期限内/会員番号下3桁提示可/すり替え解散なし
（前回スタンド3名義/初当選1名義）
　
公演当...",False,2026-07
sold_acees-arena-tour-v_1783846438934_55000,1783846438934,acees-arena-tour-v,2026-08-30,12:30,Asueアリーナ大阪,electronic,female,同行,,,,,2026-07-12 08:53:58,2026-08-28 16:01:17,2026-08-27 07:17:28,,sold,1,55000,"初期当選/情報局座席未定/同行募集/すり替えなし/ACEes名義/有効期限内変更ボタン有/女性名義/那須担不可

初期当選です。
当方(女性)と連番しますが、連...",False,2026-07
sold_acees-arena-tour-v_1784924699071_13000,1784924699071,acees-arena-tour-v,2026-08-30,12:30,Asueアリーナ大阪,electronic,female,同行,,,,,2026-07-24 20:24:59,2026-08-28 16:01:17,2026-08-27 07:17:28,,sold,1,13000,"初期当選指定席のみ一般なしすべて有効期限内名義変更ボタンあり 同一クレカ決済なし 座席未定

入場後に一度チケットを回収し、ランダムで配布いたします。購入者ご本...",False,2026-07
mpj4ks6ekt,1784106187011,acees-arena-tour-v,2026-08-30,12:30,Asueアリーナ大阪,electronic,female,同行,a,5.0,,同行番手,2026-07-15 09:03:07,2026-08-28 16:01:17,,,listing,2,45000,"初期当選／重複すり替えなし／有効期限内／どちらも該当名義／2名義中２番手／下3桁提示可能／サイチェン可／変更ボタンあり

公演当日、開場15分前に集合し同時入場...",True,2026-07
d7zfdk8tzy,1784332311502,acees-arena-tour-v,2026-08-30,12:30,Asueアリーナ大阪,electronic,female,同行,り,5.0,,番手同行,2026-07-17 23:51:51,2026-08-28 16:01:17,,,listing,1,48000,"3名義重複/2番手2連/該当名義/座種未定/初期当選/すり替えなし/下3桁提示可能/公演日有効期限内

4.8～
※開示懸念のため1部サイト優先。
お話まとまり...",True,2026-07
sold_acees-arena-tour-v_1784907641711_10000,1784907641711,acees-arena-tour-v,2026-08-30,12:30,Asueアリーナ大阪,electronic,female,同行,,,,,2026-07-24 15:40:41,2026-08-28 16:01:17,2026-08-27 07:17:28,,sold,1,10000,"ランダム配布 指定席チケット

開場30分前程度に会場付近で待ち合わせ、同時入場していただきます。
複数名義所持しております。同時入場をしてチケットを回収後一度...",False,2026-07
kdiryspzfk,1785403257354,acees-arena-tour-v,2026-08-30,12:30,Asueアリーナ大阪,electronic,female,同行,♡,5.0,,番手同行,2026-07-30 09:20:57,2026-08-28 16:01:17,,,listing,2,39000,"2名義中2番手
初期当選/該当名義/変更ボタンあり/すり替えなし/着ブロ希望なし/下3桁提示可能/同行者登録不可

プライベート出品にする為、購入希望の方はメッ...",True,2026-07
sold_acees-arena-tour-v_1784021246053_45000,1784021246053,acees-arena-tour-v,2026-08-30,12:30,Asueアリーナ大阪,electronic,female,3名義中2番手,,,,,2026-07-14 09:27:26,2026-08-28 16:01:17,2026-08-27 07:17:28,,sold,1,45000,"3名義中2番手

初期当選・該当名義（変更ボタンあり）・有効期限内・すり替えなし・下3桁提示可能

11時45分〜12時ごろ会場付近にてお待ち合わせお願いします...",False,2026-07
sold_acees-arena-tour-v_1784293647118_13000,1784293647118,acees-arena-tour-v,2026-08-30,12:30,Asueアリーナ大阪,electronic,female,同行,,,,,2026-07-17 13:07:27,2026-08-28 16:01:17,2026-08-27 07:17:28,,sold,1,13000,"11:00に会場付近にてお待ち合わせお願いいたします。
入場後一旦チケットを回収させていただき、当方が座席を選んだ後ランダムで配布致します。ご自身での座席選択は...",False,2026-07
0yet0xh049,1784283181729,acees-arena-tour-v,2026-08-30,12:30,Asueアリーナ大阪,electronic,female,同行,r,5.0,,番手,2026-07-17 10:13:01,2026-08-28 16:01:17,,,listing,2,45000,"2名義中2番手　
該当名義/全て初期当選/下3桁提示可/すり替えなし/期限内名義/

※プライベート出品にするため、購入希望の際はメッセージお願いいたします。...",True,2026-07
9ga0974q5r,1784169354709,acees-arena-tour-v,2026-08-30,12:30,Asueアリーナ大阪,electronic,female,公演日2日前までにQRコード共有,よ,5.0,,QR,2026-07-16 02:35:54,2026-08-28 16:01:17,,,listing,2,51000,"情報局枠/初期当選/QR毎/重複、すり替えなし/該当名義/変更ボタンあり/有効会員/下3桁提示可/コンビニ決済/着ブロ希望なし

公演日前日に、メッセージにてロ...",True,2026-07
pr054l8smz,1785080414897,acees-arena-tour-v,2026-08-30,12:30,Asueアリーナ大阪,electronic,female,同行,m,5.0,,同行,2026-07-26 15:40:14,2026-08-28 16:01:17,,,listing,1,65000,"※プライベート出品もしくはプラベル出品いたしますので購入前にメッセージお願いいたします。

初期当選/重複すり替えなし/該当名義/有効期限内/下3桁提示可/着ブ...",True,2026-07
sold_acees-arena-tour-v_1783862997790_11999,1783862997790,acees-arena-tour-v,2026-08-30,12:30,Asueアリーナ大阪,paper,female,当日手渡し,,,,,2026-07-12 13:29:57,2026-08-28 16:01:17,2026-08-27 07:17:28,,sold,1,11999,"少人数ランダム配布 指定席
11:20頃の待ち合わせ予定当日は同時入場後にチケットを回収し、一度解散となります。その後、開演5〜10分前を目安にランダムで指定席...",False,2026-07
sold_acees-arena-tour-v_1783856838657_13000,1783856838657,acees-arena-tour-v,2026-08-30,12:30,Asueアリーナ大阪,electronic,female,同行,,,,,2026-07-12 11:47:18,2026-08-28 16:01:17,2026-08-27 07:17:28,,sold,1,13000,"
【ランダム配布のためご理解ある方のみご購入ください】

開場30分前に待ち合わせし同時入場していただきます。詳しい待ち合わせ時間や場所は連絡ボードにてご連絡い...",False,2026-07
sold_acees-arena-tour-v_1784024662055_43000,1784024662055,acees-arena-tour-v,2026-08-30,12:30,Asueアリーナ大阪,electronic,female,同行,,,,,2026-07-14 10:24:22,2026-08-28 16:01:17,2026-08-27 07:17:28,,sold,2,43000,"2名義中2番手
情報局先行/該当名義/すり替えなし/着ブロ希望なし/下3桁提示可能/同行者登録不可/

2連×2名義所持しており、当方が選択しなかった方の2連（...",False,2026-07
sold_acees-arena-tour-v_1784187316869_12000,1784187316869,acees-arena-tour-v,2026-08-30,12:30,Asueアリーナ大阪,electronic,none,ランダム配布,,,,,2026-07-16 07:35:16,2026-08-28 16:01:17,2026-08-27 07:17:28,,sold,1,12000,"❤️大阪全公演まとめ買い歓迎 中相場買取可❤️
購入後に必ず電話番号を送信してください
同時入場後、当方が座席選択後にお譲りするチケットをランダムにてお渡し致し...",False,2026-07
ggdfkyucfk,1783821784842,acees-arena-tour-v,2026-08-30,12:30,Asueアリーナ大阪,electronic,female,ランダム配布,m,5.0,,ランダム,2026-07-12 02:03:04,2026-08-28 16:01:17,2026-08-28 12:01:10,transition_observed,sold,2,20000,"
11時に此方が指定した集合場所にお集まり頂き、同時入場して頂きます。複数名義所持の為、チケットはランダムで配布させて頂きます。ご購入者様は座席を選ぶことはでき...",True,2026-07
nudczevgkx,1783960317394,acees-arena-tour-v,2026-08-30,12:30,Asueアリーナ大阪,electronic,female,公演前日QRコード共有,ゆ,5.0,,QR,2026-07-13 16:31:57,2026-08-28 16:01:17,,,listing,2,45000,QR毎/初期当選/那須名義/着ブロ希望なし/重複すり替えなし/有効期限内/下3桁提示可/変更ボタンあり/同行者登録可/公演前日にログイン情報をお伝えします。...,True,2026-07
sold_acees-arena-tour-v_1785123002778_48000,1785123002778,acees-arena-tour-v,2026-08-30,12:30,Asueアリーナ大阪,electronic,female,入金後3時間以内にQRコード共有,,,,,2026-07-27 03:30:02,2026-08-28 16:01:17,2026-08-27 07:17:28,,sold,2,48000,"情報局先行 初期当選 ACEes 那須雄登名義 指定席 2枚申し込み QRごとのお譲り 条件ご
ざいません 座席未定

情報局先行 ２枚申込みでの当選
都合によ...",False,2026-07
sold_acees-arena-tour-v_1784533542219_48000,1784533542219,acees-arena-tour-v,2026-08-30,12:30,Asueアリーナ大阪,electronic,female,入金後3時間以内にQRコード共有,,,,,2026-07-20 07:45:42,2026-08-28 16:01:17,2026-08-27 07:17:28,,sold,2,48000,"情報局先行 初期当選 ACEes 佐藤龍我名義 指定席 2枚申し込み QRごとのお譲り 条件ご
ざいません 座席未定

情報局先行 ２枚申込みでの当選
都合によ...",False,2026-07
sold_acees-arena-tour-v_1785280440757_48000,1785280440757,acees-arena-tour-v,2026-08-30,12:30,Asueアリーナ大阪,electronic,female,入金後3時間以内にQRコード共有,,,,,2026-07-28 23:14:00,2026-08-28 16:01:17,2026-08-27 07:17:28,,sold,2,48000,"情報局先行 ACEes 佐藤龍我名義 初期当選 指定席 2枚申し込み QRごとのお譲り 条件ございません 座席未定

情報局先行 ２枚申込みでの当選しました。...",False,2026-07
qpwf84rcte,1783860658921,acees-arena-tour-v,2026-08-30,12:30,Asueアリーナ大阪,electronic,female,同行（エラー時キャンセル対応可）,🩵,5.0,,同行番手,2026-07-12 12:50:58,2026-08-28 16:01:17,,,listing,1,39000,"情報局【4名義中4番手】初期当選/該当名義/変更ボタンあり/有効期限内/会員番号下3桁提示可/すり替え解散なし
（前回スタンド3名義/初当選1名義）
　
公演当...",True,2026-07
2wfe904dar,1784924790938,acees-arena-tour-v,2026-08-30,12:30,Asueアリーナ大阪,electronic,female,同行,たと,5.0,,ランダム記載あり,2026-07-24 20:26:30,2026-08-28 16:01:17,2026-08-27 11:01:15,,sold,1,17000,"初期当選指定席のみ一般なしすべて有効期限内名義変更ボタンあり 同一クレカ決済なし 座席未定
入場後に一度チケットを回収し、ランダムで配布いたします。購入者ご本人が座席を選ぶことはできません。
チケットの持ち逃げ等を防止するため、入場前に公的な本人確認書類（運転免許証、保険証など）を一時的にお預かりします。お預かりの際は速やかに封をし、チケットお渡し時に同時に返却いたします。責任を持って丁重にお預かりし、中身を確認したり、個人情報を控えたりすることは一切ございませんので、ご安心ください。
入場後は一度解散し、こちらの指定するスタッフの少ない場所にてお待ちいただくようお願いいたします。その際、スムーズなお取引のため、電話番号をお伺いする可能性がございます。座席は当方で確認し、決まり次第チケットをお渡ししますので、その際は速やかに受取通知をお願いいたします。
座席の確認にはお時間をいただく場合がございます。座席に関するご要望・クレームはお受けできません。
当日は指定された場所に、指定時間までにお集まりください。時間厳守でお願いいたします。当日の集合時間や場所は、事前に連絡ボードにてご案内いたします。万が一遅刻された場合、先に入場させていただく可能性がございますが、その場合でも受取通知は行っていただきます。
待機場所や再集合場所は予めスタッフが少ない場所を決めてあるので、こちらで指定いたします。トラブルのないよう当方も柔軟に対応いたしますので、ご安心ください。
代理購入はご遠慮ください。
公演中止以外の理由（交通機関の遅延、体調不良、本人確認、公演開始後の中止など）による返金はできかねます。
上記の内容およびランダム配布にご理解・ご了承いただける女性の方のみご購入をお願いいたします。
最後までトラブルのない、気持ちの良いお取引ができますよう努めます。
お支払い完了後は、待ち合わせ準備と確認のため、メッセージボードに購入者全員のお名前と電話番号、担当をご連絡ください。
チケットのお取引が初めての方も、ご不安がないようできる限りサポートさせていただきます。何卒よろしくお願いいたします。
ご不明な点がございましたら、ご購入前にご質問ください。",True,2026-07
htecqpmmtz,1784618438981,acees-arena-tour-v,2026-08-30,12:30,Asueアリーナ大阪,electronic,none,同行,あい,4.9,,番手,2026-07-21 07:20:38,2026-08-28 16:01:17,,,listing,1,37000,"即購入可  4名義中3番手 全て初期当選 有効期限内 すり替えなし 下3桁提示可能

ご希望の方はプライベート出品に変更しますので購入前にメッセージをお願いいた...",True,2026-07
sold_acees-arena-tour-v_1783862346810_50000,1783862346810,acees-arena-tour-v,2026-08-30,12:30,Asueアリーナ大阪,electronic,female,公演日前日にログイン情報共有,,,,,2026-07-12 13:19:06,2026-08-28 16:01:17,2026-08-27 07:17:28,,sold,2,50000,"情報局枠/初期当選/QR毎/重複、すり替えなし/該当名義/変更ボタンあり/有効会員/下3桁提示可/コンビニ決済/着ブロ希望なし

公演日前日に、メッセージにてロ...",False,2026-07
sold_acees-arena-tour-v_1783998118313_12000,1783998118313,acees-arena-tour-v,2026-08-30,12:30,Asueアリーナ大阪,electronic,none,ランダム配布,,,,,2026-07-14 03:01:58,2026-08-28 16:01:17,2026-08-27 07:17:28,,sold,1,12000,"
❤️大阪全公演まとめて可 中相場買取可❤️
購入後に必ず電話番号を送信してください
同時入場後、当方が座席選択後にお譲りするチケットをランダムにてお渡し致しま...",False,2026-07
sold_acees-arena-tour-v_1784543304121_49000,1784543304121,acees-arena-tour-v,2026-08-30,12:30,Asueアリーナ大阪,electronic,female,公演前日にログイン情報共有,,,,,2026-07-20 10:28:24,2026-08-28 16:01:17,2026-08-27 07:17:28,,sold,2,49000,"情報局枠/初期当選/QR毎/重複.すり替えなし/該当名義（変更ボタンあり）/有効期限内/下3桁提示可/着ブロ希望なし/コンビニ現金払い

・公演日前日に、メッセ...",False,2026-07
qgiqy8r5ly,1784638895723,acees-arena-tour-v,2026-08-30,12:30,Asueアリーナ大阪,electronic,female,同行,なゆ,5.0,,同行,2026-07-21 13:01:35,2026-08-28 16:01:17,,,listing,1,48000,"初期当選/有効期限内/該当名義/変更ボタンあり/下3桁提示可/重複すり替えなし
2連中1枚 同行
那須担購入不可🌟
公演当日開場15分前を目安に会場付近に集合...",True,2026-07
sold_acees-arena-tour-v_1783961690700_9400,1783961690700,acees-arena-tour-v,2026-08-30,12:30,Asueアリーナ大阪,paper,female,当日手渡し,,,,,2026-07-13 16:54:50,2026-08-28 16:01:17,2026-08-27 07:17:28,,sold,1,9400,"少人数 ランダム配布 指定席
11:20頃の待ち合わせ予定当日は同時入場後にチケットを回収し、一度解散となります。その後、開演5〜10分前を目安にランダムで指定...",False,2026-07
sold_acees-arena-tour-v_1783821821834_12000,1783821821834,acees-arena-tour-v,2026-08-30,12:30,Asueアリーナ大阪,electronic,female,ランダム配布,,,,,2026-07-12 02:03:41,2026-08-28 16:01:17,2026-08-27 07:17:28,,sold,1,12000,"11時に
此方が指定した集合場所にお集まり頂き、同時入場して頂きます。複数名義所持の為、チケットはランダムで配布させて頂きます。ご購入者様は座席を選ぶことはでき...",False,2026-07
sold_acees-arena-tour-v_1784245241888_25000,1784245241888,acees-arena-tour-v,2026-08-30,17:30,Asueアリーナ大阪,electronic,female,同行,,,,,2026-07-16 23:40:41,2026-08-28 16:01:17,2026-08-27 07:17:28,,sold,1,25000,"指定席のみの少人数ランダム配布
初期当選/該当名義/変更ボタンあり/有効期限内

複数名義所持のため、人数が揃い次第同時入場後一度全てのチケットを回収し、こちら...",False,2026-07
sold_acees-arena-tour-v_1783940499409_30000,1783940499409,acees-arena-tour-v,2026-08-30,17:30,Asueアリーナ大阪,electronic,male,ご購入後ログイン情報をお送りいたします。,,,,,2026-07-13 11:01:39,2026-08-28 16:01:17,2026-08-27 07:17:28,,sold,2,30000,QR毎/初期当選/該当名義/変更ボタン有/有効期限切れ/サイチェン可,False,2026-07
sold_acees-arena-tour-v_1785250015299_73000,1785250015299,acees-arena-tour-v,2026-08-30,17:30,Asueアリーナ大阪,electronic,female,同行,,,,,2026-07-28 14:46:55,2026-08-28 16:01:17,2026-08-27 07:17:28,,sold,1,73000,"2連中1枚(同行)/深田担不可/初期当選/該当名義/有効期限内名義/重複すり替えなし/変更ボタンあり/下3桁提示可/

公演当日、会場付近にて待ち合わせ後、同時...",False,2026-07
sold_acees-arena-tour-v_1784793903650_18000,1784793903650,acees-arena-tour-v,2026-08-30,17:30,Asueアリーナ大阪,electronic,none,同行,,,,,2026-07-23 08:05:03,2026-08-28 16:01:17,2026-08-27 07:17:28,,sold,2,18000,"※必ずご確認ください
複数名義所持の為ランダム配布となります。

【条件あり】
 
・複数名義所持している為、同時入場後、一度全てのチケットを回収いたします。...",False,2026-07
sold_acees-arena-tour-v_1784801668028_35000,1784801668028,acees-arena-tour-v,2026-08-30,17:30,Asueアリーナ大阪,electronic,female,同行,,,,,2026-07-23 10:14:28,2026-08-28 16:01:17,2026-08-27 07:17:28,,sold,2,35000,"4名義中4番手

※必ずご確認お願いいたします

・同時入場後、一度チケットを回収し解散させていただきます。こちらが選ばなかった4名義中4番手のチケットをお渡し...",False,2026-07
sold_acees-arena-tour-v_1784793344993_18000,1784793344993,acees-arena-tour-v,2026-08-30,17:30,Asueアリーナ大阪,electronic,none,同行,,,,,2026-07-23 07:55:44,2026-08-28 16:01:17,2026-08-27 07:17:28,,sold,2,18000,"※必ずご確認ください
複数名義所持の為ランダム配布となります。

【条件あり】
 
・複数名義所持している為、同時入場後、一度全てのチケットを回収いたします。...",False,2026-07
sold_acees-arena-tour-v_1784020373703_38000,1784020373703,acees-arena-tour-v,2026-08-30,17:30,Asueアリーナ大阪,electronic,female,同行,,,,,2026-07-14 09:12:53,2026-08-28 16:01:17,2026-08-27 07:17:28,,sold,2,38000,🌟6名義中6番手🌟すべて初期当選、該当名義(変更ボタンあり)、有効期限内、着ブロなし、下3桁提示可能です。複数名義当選のため、開演時刻の1時間30分前頃まで...,False,2026-07
sold_acees-arena-tour-v_1783777049419_62000,1783777049419,acees-arena-tour-v,2026-08-30,17:30,Asueアリーナ大阪,electronic,female,同行,,,,,2026-07-11 13:37:29,2026-08-28 16:01:17,2026-08-27 07:17:28,,sold,1,62000,２名義中2番手/情報局先行/席種未定（着ブロ当選ではございません）/重複すり替えなし/初期当選/該当名義/有効期限内/下3桁提示可/変更ボタンあり/公演日前日に...,False,2026-07
sold_acees-arena-tour-v_1783866176969_68000,1783866176969,acees-arena-tour-v,2026-08-30,17:30,Asueアリーナ大阪,electronic,female,入金後3時間以内にQRコード共有,,,,,2026-07-12 14:22:56,2026-08-28 16:01:17,2026-08-27 07:17:28,,sold,2,68000,"情報局先行 ACEes 浮所飛貴名義 初期当選 指定席 2枚申し込み QRごとのお譲り 条件ございません 座席未定

情報局先行 ２枚申込みでの当選しました。...",False,2026-07
sold_acees-arena-tour-v_1783475356198_55000,1783475356198,acees-arena-tour-v,2026-08-30,17:30,Asueアリーナ大阪,electronic,female,同行,,,,,2026-07-08 01:49:16,2026-08-28 16:01:17,2026-08-27 07:17:28,,sold,1,55000,"情報局【3名義中3番手】初期当選/該当名義/変更ボタンあり/有効期限内/会員番号下3桁提示可/すり替え解散なし
　
公演当日16:00に会場付近で待ち合わせし、...",False,2026-07
sold_acees-arena-tour-v_1783499460814_73000,1783499460814,acees-arena-tour-v,2026-08-30,17:30,Asueアリーナ大阪,electronic,female,同行,,,,,2026-07-08 08:31:00,2026-08-28 16:01:17,2026-08-27 07:17:28,,sold,1,73000,"すり替えなし同行

1部当日渡し変更可能",False,2026-07
sold_acees-arena-tour-v_1783783457145_70000,1783783457145,acees-arena-tour-v,2026-08-30,17:30,Asueアリーナ大阪,electronic,female,公演日1日前までにQRコード共有,,,,,2026-07-11 15:24:17,2026-08-28 16:01:17,2026-08-27 07:17:28,,sold,1,70000,"QRごと(1枚)のお譲りです。
該当名義
有効期限内
すり替えなし(下三桁提示可能)
初期当選
前回スタンド名義

・公演1日前になりましたら会員番号とパスワー...",False,2026-07
sold_acees-arena-tour-v_1784126138613_18000,1784126138613,acees-arena-tour-v,2026-08-30,17:30,Asueアリーナ大阪,electronic,none,ランダム配布,,,,,2026-07-15 14:35:38,2026-08-28 16:01:17,2026-08-27 07:17:28,,sold,1,18000,"🧡指定席のみランダム配布🧡
公演当日は開場時間の40分前に会場付近にお集まりいただき、同時入場していただきます。

詳しい時間はお日にちが近づきましたらメッ...",False,2026-07
sold_acees-arena-tour-v_1784924527541_20000,1784924527541,acees-arena-tour-v,2026-08-30,17:30,Asueアリーナ大阪,electronic,female,同行,,,,,2026-07-24 20:22:07,2026-08-28 16:01:17,2026-08-27 07:17:28,,sold,1,20000,"初期当選指定席のみ一般なしすべて有効期限内名義変更ボタンあり 同一クレカ決済なし 座席未定

入場後に一度チケットを回収し、ランダムで配布いたします。購入者ご本...",False,2026-07
sold_acees-arena-tour-v_1785043024340_55000,1785043024340,acees-arena-tour-v,2026-08-30,17:30,Asueアリーナ大阪,electronic,female,2名義中2番手,,,,,2026-07-26 05:17:04,2026-08-28 16:01:17,2026-08-27 07:17:28,,sold,2,55000,"2名義中2番手2連

すり替えなし
下3桁提示

2名義すべて
初期当選/有効期限内/該当名義(変更ボタン有)
女性名義/着ブロ希望なし/エラー歴なし

・入場...",False,2026-07
sold_acees-arena-tour-v_1784794237892_18000,1784794237892,acees-arena-tour-v,2026-08-30,17:30,Asueアリーナ大阪,electronic,none,同行,,,,,2026-07-23 08:10:37,2026-08-28 16:01:17,2026-08-27 07:17:28,,sold,1,18000,"※必ずご確認ください
複数名義所持の為ランダム配布となります。

【条件あり】
 
・複数名義所持している為、同時入場後、一度全てのチケットを回収いたします。...",False,2026-07
sold_acees-arena-tour-v_1783874048324_70000,1783874048324,acees-arena-tour-v,2026-08-30,17:30,Asueアリーナ大阪,electronic,female,公演日1日前までにQRコード共有,,,,,2026-07-12 16:34:08,2026-08-28 16:01:17,2026-08-27 07:17:28,,sold,1,70000,"初期当選/該当名義/変更ボタンあり/下3桁提示可能/有効期限内/着ブロ希望なし

公演前日までにログインに必要な情報をお送り致します。
こちらは単番になります。...",False,2026-07
sold_acees-arena-tour-v_1783911357583_18000,1783911357583,acees-arena-tour-v,2026-08-30,17:30,Asueアリーナ大阪,electronic,female,ランダム配布,,,,,2026-07-13 02:55:57,2026-08-28 16:01:17,2026-08-27 07:17:28,,sold,1,18000,"【条件あり】
複数名義所持の為、発券後、一度チケットを回収し選ばせていただきます。座席を選ぶのにお時間いただく場合がございます。開演時間までには必ずお渡し致しま...",False,2026-07
sold_acees-arena-tour-v_1783988332801_20000,1783988332801,acees-arena-tour-v,2026-08-30,17:30,Asueアリーナ大阪,electronic,female,同行,,,,,2026-07-14 00:18:52,2026-08-28 16:01:17,2026-08-27 07:17:28,,sold,1,20000,"16:00に会場付近にてお待ち合わせお願いいたします。
入場後一旦チケットを回収させていただき、当方が座席を選んだ後ランダムで配布致します。ご自身での座席選択は...",False,2026-07
sold_acees-arena-tour-v_1783256996497_29000,1783256996497,acees-arena-tour-v,2026-08-30,17:30,Asueアリーナ大阪,electronic,female,ランダム配布,,,,,2026-07-05 13:09:56,2026-08-28 16:01:17,2026-08-27 07:17:28,,sold,2,29000,"
⭐️少人数ランダム配布⭐️　有効期限内名義　

〈条件あり〉複数名義所持のため、同時入場後チケットを一旦回収し、当方の座席選択後、開演10分前までにランダムで...",False,2026-07
sold_acees-arena-tour-v_1784087017245_65000,1784087017245,acees-arena-tour-v,2026-08-30,17:30,Asueアリーナ大阪,electronic,female,公演日前日にログイン情報の共有,,,,,2026-07-15 03:43:37,2026-08-28 16:01:17,2026-08-27 07:17:28,,sold,2,65000,"座席未定/重複すり替えなし/初期当選/着ブロ希望なし/該当名義/変更ボタン有/下3桁提示可/有効期限内

公演前日１８時以降にQR表示に必要なログイン情報をお伝...",False,2026-07
sold_acees-arena-tour-v_1784187343330_20000,1784187343330,acees-arena-tour-v,2026-08-30,17:30,Asueアリーナ大阪,electronic,none,ランダム配布,,,,,2026-07-16 07:35:43,2026-08-28 16:01:17,2026-08-27 07:17:28,,sold,1,20000,"❤️大阪全公演まとめ買い歓迎 中相場買取可❤️
購入後に必ず電話番号を送信してください
同時入場後、当方が座席選択後にお譲りするチケットをランダムにてお渡し致し...",False,2026-07
sold_acees-arena-tour-v_1784793708504_18000,1784793708504,acees-arena-tour-v,2026-08-30,17:30,Asueアリーナ大阪,electronic,none,同行,,,,,2026-07-23 08:01:48,2026-08-28 16:01:17,2026-08-27 07:17:28,,sold,2,18000,"※必ずご確認ください
複数名義所持の為ランダム配布となります。

【条件あり】
 
・複数名義所持している為、同時入場後、一度全てのチケットを回収いたします。...",False,2026-07
sold_acees-arena-tour-v_1783961745347_70000,1783961745347,acees-arena-tour-v,2026-08-30,17:30,Asueアリーナ大阪,electronic,female,公演日1日前までにQRコード共有,,,,,2026-07-13 16:55:45,2026-08-28 16:01:17,2026-08-27 07:17:28,,sold,2,70000,"初期当選/有効期限内/同行者登録可能/下3桁提示可能/浮所名義/変更ボタンあり/着ブロ指定なし

QRごとのお譲りになります。公演前日にログイン情報を共有いたし...",False,2026-07
sold_acees-arena-tour-v_1784551156244_40000,1784551156244,acees-arena-tour-v,2026-08-30,17:30,Asueアリーナ大阪,electronic,female,同行,,,,,2026-07-20 12:39:16,2026-08-28 16:01:17,2026-08-27 07:17:28,,sold,2,40000,"★指定席のみすり替えなし★


すり替えなし、ランダム配布です。
下記全てお読み頂き、なにかご不明点ございましたらコメント欄までお願いいたします。
ご購入者様は...",False,2026-07
34k6x20z11,1783836212492,acees-arena-tour-v,2026-08-30,17:30,Asueアリーナ大阪,electronic,female,公演前日にログイン情報共有,ゆ,5.0,,QR,2026-07-12 06:03:32,2026-08-28 16:01:17,,,listing,2,70000,初期当選/該当名義/変更ボタン有/有効期限内/重複すり替えなし/下3桁提示可能,True,2026-07
sold_acees-arena-tour-v_1783682374352_67000,1783682374352,acees-arena-tour-v,2026-08-30,17:30,Asueアリーナ大阪,electronic,female,公演日2日前までにログイン情報共有,,,,,2026-07-10 11:19:34,2026-08-28 16:01:17,2026-08-27 07:17:28,,sold,2,67000,"QR毎/初期当選/該当名義（変更ボタンあり）/すり替えなし/有効期限内/同一クレカ決済なし/下3桁提示可/着ブロ希望なし/郵送物戻りなし/過去エラーなし

公演...",False,2026-07
hdpeve98c7,1784380449748,acees-arena-tour-v,2026-08-30,17:30,Asueアリーナ大阪,electronic,female,当日手渡し,まむ,5.0,,同行,2026-07-18 13:14:09,2026-08-28 16:01:17,,,listing,1,80000,情報局先行/座席未定/初期当選/該当名義/有効期限内/変更ボタンあり/2連中の1枚/重複すり替えなし/深田担不可/公演中止の場合のみ、返金対応致します。その他は...,True,2026-07
haopd4bd6h,1784394904906,acees-arena-tour-v,2026-08-30,17:30,Asueアリーナ大阪,electronic,female,同行,u,5.0,,同行,2026-07-18 17:15:04,2026-08-28 16:01:17,,,listing,1,85000,初期当選/該当名義/有効期限内/下3桁提可/重複すり替えなし/作間担不可,True,2026-07
sold_acees-arena-tour-v_1783254793547_15000,1783254793547,acees-arena-tour-v,2026-08-30,17:30,Asueアリーナ大阪,electronic,female,少人数ランダム配布,,,,,2026-07-05 12:33:13,2026-08-28 16:01:17,2026-08-27 07:17:28,,sold,1,15000,"
少人数ランダム配布　有効期限内名義　

〈条件あり〉複数名義所持のため、同時入場後チケットを一旦回収し、当方の座席選択後、開演10分前までにランダムでチケット...",False,2026-07
sold_acees-arena-tour-v_1784356333652_21000,1784356333652,acees-arena-tour-v,2026-08-30,17:30,Asueアリーナ大阪,electronic,none,ランダム配布,,,,,2026-07-18 06:32:13,2026-08-28 16:01:17,2026-08-27 07:17:28,,sold,1,21000,"❤️大阪全公演まとめ買い歓迎 中相場買取可❤️まとめ買い多少値下げします❤️
⚠️購入後に必ず電話番号を送信してください
同時入場後、当方が座席選択後にお譲りす...",False,2026-07
sold_acees-arena-tour-v_1785507560905_18000,1785507560905,acees-arena-tour-v,2026-08-30,17:30,Asueアリーナ大阪,electronic,female,ランダム配布,,,,,2026-07-31 14:19:20,2026-08-28 16:01:17,2026-08-27 07:17:28,,sold,1,18000,16時に此方が指定した集合場所にお集まり頂き、同時入場して頂きます。複数名義所持の為、チケットはランダムで配布させて頂きます。ご購入者様は座席を選ぶことはできま...,False,2026-07
sold_acees-arena-tour-v_1784116887162_15512,1784116887162,acees-arena-tour-v,2026-08-30,17:30,Asueアリーナ大阪,electronic,none,同行,,,,,2026-07-15 12:01:27,2026-08-28 16:01:17,2026-08-27 07:17:28,,sold,2,15512,"※必ずご確認ください
複数名義所持しています。早渡しのランダム配布になります

【条件あり】
 
・複数名義所持している為、同時入場後、一度全てのチケットを回収...",False,2026-07
sold_acees-arena-tour-v_1785475579070_43000,1785475579070,acees-arena-tour-v,2026-08-30,17:30,Asueアリーナ大阪,electronic,female,同行,,,,,2026-07-31 05:26:19,2026-08-28 16:01:17,2026-08-27 07:17:28,,sold,2,43000,🌟6名義中5番手🌟すべて初期当選、該当名義(変更ボタンあり)、有効期限内、着ブロなし、下3桁提示可能です。複数名義当選のため、開演時刻の1時間30分前頃まで...,False,2026-07
sold_acees-arena-tour-v_1783078980553_80000,1783078980553,acees-arena-tour-v,2026-08-30,17:30,Asueアリーナ大阪,electronic,female,同行,,,,,2026-07-03 11:43:00,2026-08-28 16:01:17,2026-08-27 07:17:28,,sold,1,80000,"2連中の1枚.那須担購入不可
初期当選 / 該当名義 /変更ボタン有 / 下3桁提示可能/有効期限内 / 過去エラー無し/サイチェン可

開演1時間前に集合予定...",False,2026-07
sold_acees-arena-tour-v_1783873896511_73000,1783873896511,acees-arena-tour-v,2026-08-30,17:30,Asueアリーナ大阪,electronic,female,公演日1日前までにQRコード共有,,,,,2026-07-12 16:31:36,2026-08-28 16:01:17,2026-08-27 07:17:28,,sold,1,73000,"初期当選/該当名義/変更ボタンあり/下3桁提示可能/有効期限内/着ブロ希望なし


公演前日までにログインに必要な情報をお送り致します。
こちらは単番になります...",False,2026-07
sold_acees-arena-tour-v_1784116531221_15512,1784116531221,acees-arena-tour-v,2026-08-30,17:30,Asueアリーナ大阪,electronic,none,同行,,,,,2026-07-15 11:55:31,2026-08-28 16:01:17,2026-08-27 07:17:28,,sold,2,15512,"※必ずご確認ください
複数名義所持しています。早渡しのランダム配布になります

【条件あり】
 
・複数名義所持している為、同時入場後、一度全てのチケットを回収...",False,2026-07
sold_acees-arena-tour-v_1784924584657_23000,1784924584657,acees-arena-tour-v,2026-08-30,17:30,Asueアリーナ大阪,electronic,female,同行,,,,,2026-07-24 20:23:04,2026-08-28 16:01:17,2026-08-27 07:17:28,,sold,1,23000,"初期当選指定席のみ一般なしすべて有効期限内名義変更ボタンあり 同一クレカ決済なし 座席未定

入場後に一度チケットを回収し、ランダムで配布いたします。購入者ご本...",False,2026-07
sold_acees-arena-tour-v_1783783504848_70000,1783783504848,acees-arena-tour-v,2026-08-30,17:30,Asueアリーナ大阪,electronic,none,公演日1日前までにQRコード共有,,,,,2026-07-11 15:25:04,2026-08-28 16:01:17,2026-08-27 07:17:28,,sold,1,70000,"QRごと(1枚)のお譲りです。
該当名義
有効期限内
すり替えなし(下三桁提示可能)
初期当選
前回スタンド名義

・公演1日前になりましたら会員番号とパスワー...",False,2026-07
sold_acees-arena-tour-v_1783866217316_68000,1783866217316,acees-arena-tour-v,2026-08-30,17:30,Asueアリーナ大阪,electronic,female,公演日前日にログイン情報共有,,,,,2026-07-12 14:23:37,2026-08-28 16:01:17,2026-08-27 07:17:28,,sold,2,68000,"情報局枠/初期当選/QR毎/重複.すり替えなし/該当名義（変更ボタンあり）/有効期限内/下3桁提示可/着ブロ希望なし/コンビニ現金払い

・公演日前日に、メッセ...",False,2026-07
sold_acees-arena-tour-v_1782914471168_67000,1782914471168,acees-arena-tour-v,2026-08-30,17:30,Asueアリーナ大阪,electronic,female,QRごと,,,,,2026-07-01 14:01:11,2026-08-28 16:01:17,2026-08-27 07:17:28,,sold,2,67000,"初期当選/有効期限内/同行者登録可能/下3桁提示可能/浮所名義/変更ボタンあり/着ブロ指定なし

QRごとのお譲りになります。公演前日にログイン情報を共有いたし...",False,2026-07
sold_acees-arena-tour-v_1783927992526_60000,1783927992526,acees-arena-tour-v,2026-08-30,17:30,Asueアリーナ大阪,electronic,female,同行,,,,,2026-07-13 07:33:12,2026-08-28 16:01:17,2026-08-27 07:17:28,,sold,1,60000,"2連中1枚同行/初期当選/該当名義変ボ有/場合によりすり替え有/下3桁提示可/有効期限内/サイチェン可/

公演当日開演1時間前を目安に会場付近に集合し、同時入...",False,2026-07
sold_acees-arena-tour-v_1783821868640_15000,1783821868640,acees-arena-tour-v,2026-08-30,17:30,Asueアリーナ大阪,electronic,female,ランダム配布,,,,,2026-07-12 02:04:28,2026-08-28 16:01:17,2026-08-27 07:17:28,,sold,1,15000,"16時に
此方が指定した集合場所にお集まり頂き、同時入場して頂きます。複数名義所持の為、チケットはランダムで配布させて頂きます。ご購入者様は座席を選ぶことはでき...",False,2026-07
sold_acees-arena-tour-v_1783819451259_65000,1783819451259,acees-arena-tour-v,2026-08-30,17:30,Asueアリーナ大阪,electronic,female,公演日前日にログイン情報共有,,,,,2026-07-12 01:24:11,2026-08-28 16:01:17,2026-08-27 07:17:28,,sold,2,65000,"初期当選　2連QRごとのお譲り　該当名義　変更ボタン有り　有効期限内　下3桁提示可能　

公演日前日にログイン情報をお伝えします。
同行者登録は購入者様ご自身で...",False,2026-07
sold_acees-arena-tour-v_1785252337335_85000,1785252337335,acees-arena-tour-v,2026-08-30,17:30,Asueアリーナ大阪,electronic,female,同行,,,,,2026-07-28 15:25:37,2026-08-28 16:01:17,2026-08-27 07:17:28,,sold,1,85000,"当方との同行でのお譲りになります。
初期当選/該当名義/有効期限内/重複すり替えなし/下3桁提示可能/サイチェン可/作間担不可

公演当日、会場付近にて待ち合わ...",False,2026-07
sold_acees-arena-tour-v_1783985604663_67000,1783985604663,acees-arena-tour-v,2026-08-30,17:30,Asueアリーナ大阪,electronic,female,入金後3時間以内にQRコード共有,,,,,2026-07-13 23:33:24,2026-08-28 16:01:17,2026-08-27 07:17:28,,sold,2,67000,"情報局先行 初期当選 ACEes 浮所飛貴名義 指定席 2枚申し込み QRごとのお譲り 条件ご
ざいません 座席未定

情報局先行 ２枚申込みでの当選
都合によ...",False,2026-07
sold_acees-arena-tour-v_1783998157282_20000,1783998157282,acees-arena-tour-v,2026-08-30,17:30,Asueアリーナ大阪,electronic,none,ランダム配布,,,,,2026-07-14 03:02:37,2026-08-28 16:01:17,2026-08-27 07:17:28,,sold,1,20000,"
❤️大阪全公演まとめて可 中相場買取可❤️
購入後に必ず電話番号を送信してください
同時入場後、当方が座席選択後にお譲りするチケットをランダムにてお渡し致しま...",False,2026-07
sold_acees-arena-tour-v_1783753311268_10000,1783753311268,acees-arena-tour-v,2026-08-30,17:30,Asueアリーナ大阪,electronic,none,ご購入後ログイン情報をお送りおいたします。,,,,,2026-07-11 07:01:51,2026-08-28 16:01:17,2026-08-27 07:17:28,,sold,2,10000,QR毎/初期当選/有効期限切れ/サイチェン可,False,2026-07
sold_acees-arena-tour-v_1785366864140_65000,1785366864140,acees-arena-tour-v,2026-08-30,17:30,Asueアリーナ大阪,electronic,female,入金後3時間以内にQRコード共有,,,,,2026-07-29 23:14:24,2026-08-28 16:01:17,2026-08-27 07:17:28,,sold,2,65000,"情報局先行 ACEes 佐藤龍我名義 初期当選 指定席 2枚申し込み QRごとのお譲り 条件ございません 座席未定

情報局先行 ２枚申込みでの当選しました。...",False,2026-07
sold_acees-arena-tour-v_1784907500185_22000,1784907500185,acees-arena-tour-v,2026-08-30,17:30,Asueアリーナ大阪,electronic,female,同行,,,,,2026-07-24 15:38:20,2026-08-28 16:01:17,2026-08-27 07:17:28,,sold,1,22000,"ランダム配布 指定席チケット

開場30分前程度に会場付近で待ち合わせ、同時入場していただきます。
複数名義所持しております。同時入場をしてチケットを回収後一度...",False,2026-07
sold_acees-arena-tour-v_1783608282312_60000,1783608282312,acees-arena-tour-v,2026-08-30,17:30,Asueアリーナ大阪,electronic,female,同行,,,,,2026-07-09 14:44:42,2026-08-28 16:01:17,2026-08-27 07:17:28,,sold,1,60000,"2連×2名義中の1番手同行になります。※浮所担は購入をご遠慮ください※
該当名義/初期当選/期限内/すり替え無し/下3桁提示可
当方と連番での同行のためお席はお...",False,2026-07
sold_acees-arena-tour-v_1784449538526_15999,1784449538526,acees-arena-tour-v,2026-08-30,17:30,Asueアリーナ大阪,electronic,none,ランダム配布,,,,,2026-07-19 08:25:38,2026-08-28 16:01:17,2026-08-27 07:17:28,,sold,1,15999,"❤️大阪全公演まとめ買い歓迎 中相場買取可❤️
⚠️購入後に必ず電話番号を送信してください
同時入場後、当方が座席選択後にお譲りするチケットをランダムにてお渡し...",False,2026-07
j2wuj36u8r,1784924650523,acees-arena-tour-v,2026-08-30,17:30,Asueアリーナ大阪,electronic,female,同行,たと,5.0,,ランダム記載あり,2026-07-24 20:24:10,2026-08-28 16:01:17,,,listing,1,35000,"初期当選指定席のみ一般なしすべて有効期限内名義変更ボタンあり 同一クレカ決済なし 座席未定

入場後に一度チケットを回収し、ランダムで配布いたします。購入者ご本...",True,2026-07
sold_acees-arena-tour-v_1784694879486_68000,1784694879486,acees-arena-tour-v,2026-08-30,17:30,Asueアリーナ大阪,electronic,female,公演日前日までにログイン情報共有,,,,,2026-07-22 04:34:39,2026-08-28 16:01:17,2026-08-27 07:17:28,,sold,2,68000,"
QR毎のお譲りです。

初期当選/ 有効期限内/該当名義(変更ボタン有)/着ブロ選択なし/座席未定/過去エラー歴なし/下3桁掲示可能
同行者登録はご購入者様に...",False,2026-07
sold_acees-arena-tour-v_1783228532668_15000,1783228532668,acees-arena-tour-v,2026-08-30,17:30,Asueアリーナ大阪,paper,female,同行,,,,,2026-07-05 05:15:32,2026-08-28 16:01:17,2026-08-27 07:17:28,,sold,1,15000,"ランダム配布になります
開演前10分までにお渡し致します",False,2026-07
sold_acees-arena-tour-v_1783804891316_67000,1783804891316,acees-arena-tour-v,2026-08-30,17:30,Asueアリーナ大阪,electronic,female,公演日前日までにQRコード共有,,,,,2026-07-11 21:21:31,2026-08-28 16:01:17,2026-08-27 07:17:28,,sold,2,67000,"FC先行 /初期当選/該当名義/変更ボタンあり/有効期限内/重複すり替えなし/下3桁提示可能 /同行者登録可

・前日の夜まで必要な情報をご提示します。
・同行...",False,2026-07
w4pdkhaogj,1784288206875,acees-arena-tour-v,2026-08-30,17:30,Asueアリーナ大阪,electronic,female,同行,mu,5.0,,ランダム,2026-07-17 11:36:46,2026-08-28 14:01:15,,,deleted,1,25000,"複数名義所持 
ランダム配布　

・公演当日開場30分ほど前に会場付近で待ち合わせし、当方と同時入場していただきます。入場後、一度チケットを回収し、座席選択後チ...",True,2026-07
sold_acees-arena-tour-v_1783846616077_75000,1783846616077,acees-arena-tour-v,2026-08-30,17:30,Asueアリーナ大阪,electronic,female,同行,,,,,2026-07-12 08:56:56,2026-08-28 16:01:17,2026-08-27 07:17:28,,sold,1,75000,"本人確認対応可能/初期当選/情報局座席未定/同行募集/すり替えなし/ACEes名義/有効期限内変更ボタン有/女性名義/那須担不可

代表者本人名義です。
同行者...",False,2026-07
sold_acees-arena-tour-v_1784868169887_64500,1784868169887,acees-arena-tour-v,2026-08-30,17:30,Asueアリーナ大阪,electronic,female,同行,,,,,2026-07-24 04:42:49,2026-08-28 16:01:17,2026-08-27 07:17:28,,sold,2,64500,"2名義中2番手 全て初期当選 ACEes名義 有効期限内 変更ボタン有 すり替えなし 下3桁提示可
16:15頃会場付近集合予定。詳しい場所は当日お伝え致します...",False,2026-07
rdf3y0ouhy,1784695218470,acees-arena-tour-v,2026-08-30,17:30,Asueアリーナ大阪,electronic,female,同行,なゆ,5.0,,番手,2026-07-22 04:40:18,2026-08-28 16:01:17,,,listing,2,64000,"情報局【2名義中2番手】初期当選/該当名義/変更ボタンあり/有効期限内/会員番号下3桁提示可/すり替えなし
公演当日開場20分前を目安に会場付近で待ち合わせし、...",True,2026-07
sold_acees-arena-tour-v_1783730655834_80000,1783730655834,acees-arena-tour-v,2026-08-30,17:30,Asueアリーナ大阪,electronic,female,公演前日ログイン情報共有,,,,,2026-07-11 00:44:15,2026-08-28 16:01:17,2026-08-27 07:17:28,,sold,1,80000,"※プライベート出品いたしますので、必ずメッセージをお送りください。

着ブロ/QRごと/該当名義/変更ボタンあり/初期当選/有効期限内/下3桁提示可/発送物戻り...",False,2026-07
sold_acees-arena-tour-v_1784466173648_38000,1784466173648,acees-arena-tour-v,2026-08-30,17:30,Asueアリーナ大阪,electronic,female,同行,,,,,2026-07-19 13:02:53,2026-08-28 16:01:17,2026-08-27 07:17:28,,sold,2,38000,"★すり替えなしランダム配布★
下記全てお読み頂き、なにかご不明点ございましたらコメント欄までお願いいたします。

ご購入者様はチケットの選択ができません。
開場...",False,2026-07
y1y4v1f6sf,1784361508542,acees-arena-tour-v,2026-08-29,12:30,Asueアリーナ大阪,electronic,female,同行,mu,5.0,,ランダム,2026-07-18 07:58:28,2026-08-28 08:01:11,,,deleted,1,14000,"複数名義所持 
ランダム配布　

・公演当日開場30分ほど前に会場付近で待ち合わせし、当方と同時入場していただきます。入場後、一度チケットを回収し、座席選択後チ...",True,2026-07
