ticket_id,created_at_unix,event_id,perf_date,perf_time,venue,status,price,quantity,delivery_method,ticket_type,name_type,raw_description,first_observed_at,last_observed_at,sold_at,details_fetched,year_month
sold_kamigata-expo-park-fes-2026_1787322088727_50000,1787322088727,kamigata-expo-park-fes-2026,2026-10-31,,[大阪府] 万博記念公園,sold,50000,1,公演日前日にログイン情報共有,electronic,female,"初期当選、有効期限内、下3桁提示可、重複すり替えなし

公演日前日にログイン情報を連絡ボードにてお伝え致します。公演日当日入場後は速やかにログアウトして頂き、必...",2026-08-21 14:21:28,2026-08-27 07:17:28,2026-08-27 07:17:28,False,2026-08
93e8tipcli,1787412556133,kamigata-expo-park-fes-2026,2026-10-31,,[大阪府] 万博記念公園,listing,33000,2,同行,electronic,female,"初期当選/2名義中2番手/WEST名義のみ/有効期限内名義/すり替えなし/下3桁提示可/発送物戻りなし

・同時入場後はチケットを一旦回収し、当方が選択しなかっ...",2026-08-22 15:29:16,2026-08-27 07:17:28,,False,2026-08
b5s4nai8n5,1787325128629,kamigata-expo-park-fes-2026,2026-10-31,,[大阪府] 万博記念公園,listing,40000,1,同行,electronic,female,"3名義所持(2連×1名義、単番×2名義)/4枚中2番手/初期当選/Aぇ名義/有効期限内/すり替えなし/下3桁提示可

プラベルでのお取引に移行させていただきます...",2026-08-21 15:12:08,2026-08-27 07:17:28,,False,2026-08
eao4zcsl3y,1787636271305,kamigata-expo-park-fes-2026,2026-10-31,,[大阪府] 万博記念公園,listing,35000,1,同行,electronic,female,"2名義×2連中　2番手の1枚
supereightFC×supereightFC当選。
すり替えなし/下3桁提示可能/有効期限内/初期当選/郵送物戻りなし/コン...",2026-08-25 05:37:51,2026-08-27 07:17:28,,False,2026-08
7nqf8vkwr8,1787294206582,kamigata-expo-park-fes-2026,2026-10-31,,[大阪府] 万博記念公園,listing,58000,1,初期当選、単番QR毎、重複すり替えなし、有効期限内、下3桁可能,electronic,female,前日になりましたらログイン情報ご提示いたします。買い手の方で同意チェックしてご入場ください。本人確認、ランダムエラー対応はできません。公演中止のみ返金いたします...,2026-08-21 06:36:46,2026-08-27 07:17:28,,False,2026-08
5q8i6kjeno,1787519998740,kamigata-expo-park-fes-2026,2026-10-31,,[大阪府] 万博記念公園,listing,28000,2,同行,electronic,female,"3名義中3番手/全てジュニア名義/初期当選/下3桁提示可能/エラー、郵送物戻りなし

・同時入場後一旦チケットを回収し、こちらでチケットを選択後に配布いたします...",2026-08-23 21:19:58,2026-08-27 07:17:28,,False,2026-08
96c3934jj5,1787294220900,kamigata-expo-park-fes-2026,2026-10-31,,[大阪府] 万博記念公園,listing,55000,1,公演日前日にQRコード共有,electronic,male,"なにわ名義/初期当選/有効期限内/発送物戻り無/同一クレカ無し/過去エラー歴無

公演前日に必要な情報等を連絡ボードにてお知らせ致します。代表者の同意チェックは...",2026-08-21 06:37:00,2026-08-27 07:17:28,,False,2026-08
0fjqlos14n,1787376226447,kamigata-expo-park-fes-2026,2026-10-31,,[大阪府] 万博記念公園,listing,33000,2,同行,electronic,female,"2番手中2番
全てAぇ名義/変更ボタンあり/初期当選/期限内/下3桁提示可能/すり替えなし

公演当日、こちらが指定した時間に会場付近にて待ち合わせのうえ、同時...",2026-08-22 05:23:46,2026-08-27 07:17:28,,False,2026-08
sold_kamigata-expo-park-fes-2026_1787365935406_19500,1787365935406,kamigata-expo-park-fes-2026,2026-10-31,,[大阪府] 万博記念公園,sold,19500,1,同行,electronic,female,"FC先行/有効期限内/すり替えなしのランダム配布

・8:30〜11:00の間でどの時間帯でも待ち合わせできる方でお願いします。時間厳守となります、遅刻された場...",2026-08-22 02:32:15,2026-08-27 07:17:28,2026-08-27 07:17:28,False,2026-08
ksl9zlswie,1787323250418,kamigata-expo-park-fes-2026,2026-10-31,,[大阪府] 万博記念公園,listing,29000,2,2名義中2番手,electronic,female,"2名義中2番手

初期当選/有効期限名義のみ/Aぇ名義/すり替えなし

開場時間前の集合を考えております。
・入場後はチケットを一旦回収し、当方が選ばなかったチ...",2026-08-21 14:40:50,2026-08-27 07:17:28,,False,2026-08
sold_kamigata-expo-park-fes-2026_1787327701489_30000,1787327701489,kamigata-expo-park-fes-2026,2026-10-31,,[大阪府] 万博記念公園,sold,30000,1,公演2〜3日前にQRコード共有,electronic,female,"Ａぇ名義/座席未定/単番QR/有効期限内/重複すり替えなし/下3桁提示可能/初期当選

・2～3日前に連絡ボードにて必要な情報をお伝えいたします。
・入場後、速...",2026-08-21 15:55:01,2026-08-27 07:17:28,2026-08-27 07:17:28,False,2026-08
e6180v263j,1787295701007,kamigata-expo-park-fes-2026,2026-10-31,,[大阪府] 万博記念公園,listing,33000,2,同行,electronic,female,"初期当選/3名義中3番手/有効期限名義のみ/WEST×WEST・Aぇ×Aぇ/すり替えなし/下3桁提示可

プラベルでのお取引可能な方はお申し付けください。...",2026-08-21 07:01:41,2026-08-27 07:17:28,,False,2026-08
sold_kamigata-expo-park-fes-2026_1787652357621_10000,1787652357621,kamigata-expo-park-fes-2026,2026-10-31,,[大阪府] 万博記念公園,sold,10000,1,公演日前日までにQRコード共有,electronic,female,"8/2523:59までに定価手数料のお支払いをお願いいたします。

AぇFC/QR毎/初期当選/下3桁提示可/有効期限内/発送物戻り・過去エラーなし/重複すり替...",2026-08-25 10:05:57,2026-08-27 07:17:28,2026-08-27 07:17:28,False,2026-08
yq0y3pbbpv,1787586325069,kamigata-expo-park-fes-2026,2026-10-31,,[大阪府] 万博記念公園,listing,18000,1,同時入場,paper,female,"4名義中4番手

なにわ名義(単番✖️2、２連✖️1)
(女性名義✖️2、男性名義✖️1)

・ドームスタンド上段✖️2
・アルファスタンド✖️1

初期当選/...",2026-08-24 15:45:25,2026-08-27 07:17:28,,False,2026-08
6uddg80q9e,1787296682639,kamigata-expo-park-fes-2026,2026-10-31,,[大阪府] 万博記念公園,listing,50000,1,入金後24時間以内にQRコード共有,electronic,female,3名義中2番手です。,2026-08-21 07:18:02,2026-08-27 07:17:28,,False,2026-08
g8eo0feepf,1787293088796,kamigata-expo-park-fes-2026,2026-10-31,,[大阪府] 万博記念公園,listing,40000,1,同行,electronic,female,"FC先行/有効期限名義のみ/条件あり/3名義中3番手/すり替えなし/下3桁提示可

詳しい集合場所、時間等につきましては 連絡ボードにて連絡させていただきます。...",2026-08-21 06:18:08,2026-08-27 07:17:28,,False,2026-08
s3xm1mf8tk,1787300134612,kamigata-expo-park-fes-2026,2026-10-31,,[大阪府] 万博記念公園,listing,38000,1,公演日前日までにQRコード共有,electronic,female,WEST.名義/QR毎/重複すり替えなし/初期当選/前回アリツア落選/該当舞台落選/有効期間内/変更ボタンあり/下３桁提示/公演前日までに連絡ボードにてログイン...,2026-08-21 08:15:34,2026-08-27 07:17:28,,False,2026-08
u5qxptu4tn,1787480713097,kamigata-expo-park-fes-2026,2026-10-31,,[大阪府] 万博記念公園,listing,60000,2,公演前日にログイン情報ご連絡します,electronic,female,"QR毎・初期当選・有効期限内名義・重複すり替えなし・下3桁提示可・発送物戻りなし・過去エラー等なし・申込者、同行者共にWEST.名義

公演前日にログイン情報共...",2026-08-23 10:25:13,2026-08-27 07:17:28,,False,2026-08
kjdureogtn,1787300848466,kamigata-expo-park-fes-2026,2026-10-31,,[大阪府] 万博記念公園,listing,32000,1,公演日前日にログイン情報を共有します。,electronic,female,"QR毎・初期当選・有効期限内・重複すり替えなし・下3桁提示可・発送物戻りなし・過去エラー等なし・SUPER EIGHT名義(武道館、FES落選)

公演前日にロ...",2026-08-21 08:27:28,2026-08-27 07:17:28,,False,2026-08
sh1jq5wsmf,1787365404824,kamigata-expo-park-fes-2026,2026-10-31,,[大阪府] 万博記念公園,listing,38000,2,公演日2日前までにログイン情報共有,electronic,female,"QR毎/代表・同行共にAぇ名義/初期当選/有効期限内/下3桁提示可

⭐️ 公演中止の場合のみ手数料を差し引いて返金いたします。体調不良、本人確認、ランダムエラ...",2026-08-22 02:23:24,2026-08-27 07:17:28,,False,2026-08
1thws9ehkq,1787645467576,kamigata-expo-park-fes-2026,2026-10-31,,[大阪府] 万博記念公園,listing,23000,1,同時入場 2名義中2番手 ,electronic,female,"単番 2名義中2番手 すり替えなし下3桁提示可
なにわ名義①ジュニア名義①

エラー/郵送物戻りなし

ご購入は日本語がご理解いただける方のみお願い致します。...",2026-08-25 08:11:07,2026-08-27 07:17:28,,False,2026-08
87auynq0fw,1787306120547,kamigata-expo-park-fes-2026,2026-10-31,,[大阪府] 万博記念公園,listing,25000,1,ログイン情報をお伝えします,electronic,female,"なにわ男子名義/初期当選/有効期限内会員/QRでのお譲り/すり替えなし/下3桁提示可能

【プライベート出品に変更いたしますので、購入希望の方はメッセージをお願...",2026-08-21 09:55:20,2026-08-27 07:17:28,,False,2026-08
sold_kamigata-expo-park-fes-2026_1787324944775_20000,1787324944775,kamigata-expo-park-fes-2026,2026-10-31,,[大阪府] 万博記念公園,sold,20000,1,同行,electronic,female,"FC先行/有効期限内/すり替えなしのランダム配布

・8:30〜11:00の間でどの時間帯でも待ち合わせできる方でお願いします。時間厳守となります、遅刻された場...",2026-08-21 15:09:04,2026-08-27 07:17:28,2026-08-27 07:17:28,False,2026-08
5z3gqqgt8e,1787325828925,kamigata-expo-park-fes-2026,2026-10-31,,[大阪府] 万博記念公園,listing,37000,2,同時入場,electronic,female,"初期当選/4名義中3番手の2連/有効期限名義のみ/なにわ名義/すり替えなし/下3桁提示可能/発送物戻りなし

・入場後はチケットを一旦回収し、当方が選択しなかっ...",2026-08-21 15:23:48,2026-08-27 07:17:28,,False,2026-08
y80ekbjiv6,1787562478830,kamigata-expo-park-fes-2026,2026-10-31,,[大阪府] 万博記念公園,listing,33000,2,QR,electronic,female,QRごと。FC×FC当選。すり替えなし。下3桁提示可能。有効期限内。初期当選。着ブロ希望なし。郵送物戻りなし。コンビニ決済。過去エラーなし。同行者チェックのみこ...,2026-08-24 09:07:58,2026-08-27 07:17:28,,False,2026-08
ab0c815fxl,1787307450666,kamigata-expo-park-fes-2026,2026-10-31,,[大阪府] 万博記念公園,listing,45000,2,同行,electronic,female,"

FC先行/有効期限内/全てAぇ名義/3名義中2番手/すり替えなし/下3桁提示可

・入場後はチケットを一旦回収し、当方が座席を選択した後に順次チケットをお渡...",2026-08-21 10:17:30,2026-08-27 07:17:28,,False,2026-08
ib1emetpu0,1787540197134,kamigata-expo-park-fes-2026,2026-10-31,,[大阪府] 万博記念公園,listing,35000,2,公演日前日までにログイン情報共有,electronic,female,"QR毎のお譲り
ジュニア該当名義／下3桁提示可能／有効期限内／
前日までにログイン情報をお伝えさせていただきますので、ログインし確認お願いいたします。
入場後は...",2026-08-24 02:56:37,2026-08-27 07:17:28,,False,2026-08
sold_kamigata-expo-park-fes-2026_1787303038934_38000,1787303038934,kamigata-expo-park-fes-2026,2026-10-31,,[大阪府] 万博記念公園,sold,38000,1,公演日7日前までにQRコード共有,electronic,female,"なにわ名義/有効期限内/初期当選/QR毎/返送物等戻り無し/下3桁提示可能

公演7日前にログイン情報をお伝え致します。
公演中止時のみ手数料除く全額返金致しま...",2026-08-21 09:03:58,2026-08-27 07:17:28,2026-08-27 07:17:28,False,2026-08
a9eppv5d2q,1787320690634,kamigata-expo-park-fes-2026,2026-10-31,,[大阪府] 万博記念公園,listing,25000,2,2名義中2番手,electronic,female,"デビュー組FC先行/有効期限内のみ/2名義中2番手/すり替えなし

当日の集合時間・場所等に関しては公演が近くなり次第、または詳細が発表され次第、連絡ボードにて...",2026-08-21 13:58:10,2026-08-27 07:17:28,,False,2026-08
sold_kamigata-expo-park-fes-2026_1787314532589_40000,1787314532589,kamigata-expo-park-fes-2026,2026-10-31,,[大阪府] 万博記念公園,sold,40000,2,公演日2日前までにQRコード共有,electronic,female,"WESTFC枠
該当名義(変更ボタンあり)初期当選 有効期限内会員 過去エラー等の不備なし
QRでのお譲り すり替えなし 下3桁提示可能

公演2日前までにログ...",2026-08-21 12:15:32,2026-08-27 07:17:28,2026-08-27 07:17:28,False,2026-08
iask5p8j5n,1787312701888,kamigata-expo-park-fes-2026,2026-10-31,,[大阪府] 万博記念公園,listing,46000,1,公演日1日前までにQRコード共有,electronic,female,"なにわ男子名義 / QR毎 / 重複すり替えなし / 初期当選 / 有効期間内 / 下3桁提示
公演前日までに連絡ボードにてログイン情報をお伝えします。入場後は...",2026-08-21 11:45:01,2026-08-27 07:17:28,,False,2026-08
837o2b7tgg,1787562440007,kamigata-expo-park-fes-2026,2026-10-31,,[大阪府] 万博記念公園,listing,35000,2,公演前日にログイン情報共有,electronic,female,"代表・同行共にWEST名義/初期当選/有効期限内/下3桁提示可

■注意事項
・代理購入不可
・成人済み日本人女性の方

・公演中止の場合のみ手数料を差し引いて...",2026-08-24 09:07:20,2026-08-27 07:17:28,,False,2026-08
sold_kamigata-expo-park-fes-2026_1787305801914_30000,1787305801914,kamigata-expo-park-fes-2026,2026-10-31,,[大阪府] 万博記念公園,sold,30000,2,同行,electronic,female,"初期当選/5名義中3番手/有効期限名義のみ/なにわ4名義・Aぇ1名義/すり替えなし/下3桁提示可能

・入場後はチケットを一旦回収し、当方が座席選択後に残りの3...",2026-08-21 09:50:01,2026-08-27 07:17:28,2026-08-27 07:17:28,False,2026-08
z2qugyuujz,1787319693145,kamigata-expo-park-fes-2026,2026-10-31,,[大阪府] 万博記念公園,listing,30000,1,公演日全日にQRコード共有,electronic,female,"ジュニア名義/QRごと/該当名義/重複すり替え無し/下3桁提示可/有効期限内/

公演前日にログインに必要な情報を連絡ボードにてお伝えします。

※ランダムエラ...",2026-08-21 13:41:33,2026-08-27 07:17:28,,False,2026-08
ibwa8zoekj,1787365364678,kamigata-expo-park-fes-2026,2026-10-31,,[大阪府] 万博記念公園,listing,32000,2,同行,electronic,female,"初期当選/2名義中2番手の2連/有効期限名義のみ/WEST×WEST/すり替えなし/下3桁提示可

・入場後はチケットを一旦回収し、当方が選択しなかったチケット...",2026-08-22 02:22:44,2026-08-27 07:17:28,,False,2026-08
mnrh9qfd0u,1787566580820,kamigata-expo-park-fes-2026,2026-10-31,,[大阪府] 万博記念公園,listing,50000,1,公演日前日にログイン情報共有,electronic,female,"初期当選、有効期限内、下3桁提示可、重複すり替えなし

公演日前日にログイン情報を連絡ボードにてお伝え致します。公演日当日入場後は速やかにログアウトして頂き、必...",2026-08-24 10:16:20,2026-08-27 07:17:28,,False,2026-08
sold_kamigata-expo-park-fes-2026_1787302742482_29000,1787302742482,kamigata-expo-park-fes-2026,2026-10-31,,[大阪府] 万博記念公園,sold,29000,1,公演日7日前までにQRコード共有,electronic,female,"なにわ男子名義/初期当選/有効期限内会員/
QRでのお譲り/すり替えなし/ 下3桁提示可能

公演前日までにログイン情報を送付します。

公演中止の場合は返金し...",2026-08-21 08:59:02,2026-08-27 07:17:28,2026-08-27 07:17:28,False,2026-08
sold_kamigata-expo-park-fes-2026_1787293296201_35000,1787293296201,kamigata-expo-park-fes-2026,2026-10-31,,[大阪府] 万博記念公園,sold,35000,1,公演日1日前までにQRコード共有,electronic,female,"FC先行／Aぇ名義／初期当選／下3桁提示可／重複すり替えなし

前日までにログイン情報をお伝えさせていただきます。
入場後は速やかにログアウトください。
本確対...",2026-08-21 06:21:36,2026-08-27 07:17:28,2026-08-27 07:17:28,False,2026-08
ni2hsym2pd,1787307259948,kamigata-expo-park-fes-2026,2026-10-31,,[大阪府] 万博記念公園,listing,45000,1,公演前日QRコード共有,electronic,female,"Ａぇgroup名義/重複・すり替えなし/QR毎
有効期限内/事前に下三桁提示可能
前回アリツア落選名義

エラー歴・発送物戻りなし

公演中止の場合のみ返金致し...",2026-08-21 10:14:19,2026-08-27 07:17:28,,False,2026-08
mcprbxny77,1787305391711,kamigata-expo-park-fes-2026,2026-10-31,,[大阪府] 万博記念公園,listing,39500,2,同行,electronic,female,"2名義中2番手/初期当選/Aぇ名義/期限内/下3桁提示可

スーツケース等、大きな手荷物は事前に預けた状態でお越しください。

詳しい集合時間/場所につきまして...",2026-08-21 09:43:11,2026-08-27 07:17:28,,False,2026-08
a168lel2zs,1787804234128,kamigata-expo-park-fes-2026,2026-10-31,,[大阪府] 万博記念公園,listing,0,2,同行,electronic,female,"4名義中3番手
WEST.名義/有効期限内/すり替えなし/下三桁提示可能

ランダムエラー、出演者変更、体調不良、交通機関の乱れなどの如何なる理由により入場でき...",2026-08-27 04:17:14,2026-08-27 07:17:28,,False,2026-08
3jvpxcnq8g,1787316017554,kamigata-expo-park-fes-2026,2026-10-31,,[大阪府] 万博記念公園,listing,38000,2,前日にログイン情報,electronic,female,"QR毎・初期当選・有効期限内名義・重複すり替えなし・下3桁提示可・発送物戻りなし・過去エラー等なし・申込者、同行者共になにわ男子FC名義

最終当選歴2025ア...",2026-08-21 12:40:17,2026-08-27 07:17:28,,False,2026-08
61a2q0lnaj,1787482205728,kamigata-expo-park-fes-2026,2026-10-31,,[大阪府] 万博記念公園,listing,32000,2,3名義中2番手,electronic,female,"3名義中2番手/初期当選のみ/Jr該当×Aぇのみ/すり替えなし/下3桁提示可/有効期限内名義/発送物戻りなし

当日は、会場付近で集合し同時入場いたします。
未...",2026-08-23 10:50:05,2026-08-27 07:17:28,,False,2026-08
sold_kamigata-expo-park-fes-2026_1787313391189_45000,1787313391189,kamigata-expo-park-fes-2026,2026-10-31,,[大阪府] 万博記念公園,sold,45000,2,公演日2日前までにQRコード共有,electronic,female,"WESTFC枠
該当名義(変更ボタンあり)初期当選 有効期限内会員 過去エラー等の不備なし
QRでのお譲り すり替えなし 下3桁提示可能

公演2日前までにログ...",2026-08-21 11:56:31,2026-08-27 07:17:28,2026-08-27 07:17:28,False,2026-08
sold_kamigata-expo-park-fes-2026_1787460395698_33000,1787460395698,kamigata-expo-park-fes-2026,2026-10-31,,[大阪府] 万博記念公園,sold,33000,2,QR毎(公演前日までにログイン情報共有),electronic,female,"QR毎のお譲り
なにわ×なにわ名義 / 下3桁提示可能 / 有効期限内/プラベル可能

前日までにログイン情報をお伝えさせていただきます。
入場後は速やかにログ...",2026-08-23 04:46:35,2026-08-27 07:17:28,2026-08-27 07:17:28,False,2026-08
sold_kamigata-expo-park-fes-2026_1787296026790_35000,1787296026790,kamigata-expo-park-fes-2026,2026-10-31,,[大阪府] 万博記念公園,sold,35000,2,公演日前日までにログイン情報をお伝えします,electronic,female,重複なしQR毎2連/初期当選/有効名義/Aぇ名義×Aぇ名義/下3桁提示可/未成年、日本語の通じない方のご購入はお控えください。公演中止以外の如何なる場合もご返金...,2026-08-21 07:07:06,2026-08-27 07:17:28,2026-08-27 07:17:28,False,2026-08
p1rticbjow,1787308591322,kamigata-expo-park-fes-2026,2026-10-31,,[大阪府] 万博記念公園,listing,48000,1,公演前日QR共有,electronic,female,"単番QR毎/なにわ名義 / 初期当選 / 有効期限内名義 / すり替え重複なし / 下3桁提示可能/過去当選歴なし/エラーなし/発送物戻りなし

※必ずご確認く...",2026-08-21 10:36:31,2026-08-27 07:17:28,,False,2026-08
r4mthcp7dc,1787492467308,kamigata-expo-park-fes-2026,2026-10-31,,[大阪府] 万博記念公園,listing,60000,2,同行,electronic,female,"6名義中2番手

初期当選、有効期限内、下3桁提示可、重複すり替えなし


ランダムエラー、出演者変更、体調不良、交通機関の乱れなどの如何なる理由により入場でき...",2026-08-23 13:41:07,2026-08-27 07:17:28,,False,2026-08
0ls9ib16sp,1787323626255,kamigata-expo-park-fes-2026,2026-10-31,,[大阪府] 万博記念公園,listing,35000,2,2名義中2番手,electronic,female,"WEST.名義•Aぇ名義当選/すり替えなし/下3桁提示可/有効期限内/エラー発送戻りなし

※プラベルでのお取引も可能です。お声がけください。

公演当日は会場...",2026-08-21 14:47:06,2026-08-27 07:17:28,,False,2026-08
rsd4rp7pmt,1787295809139,kamigata-expo-park-fes-2026,2026-10-31,,[大阪府] 万博記念公園,listing,50000,2,当日手渡し,paper,female,"初期当選/3名義中2番手/有効期限名義のみ/WEST×WEST・Aぇ×Aぇ/すり替えなし/下3桁提示可

プラベルでのお取引可能な方はお申し付けください。...",2026-08-21 07:03:29,2026-08-27 07:17:28,,False,2026-08
ch1dc1egzk,1787804438988,kamigata-expo-park-fes-2026,2026-10-31,,[大阪府] 万博記念公園,listing,30000,2,同行,electronic,female,"ランダム
WEST.名義/有効期限内/15分前渡し

ランダムエラー、出演者変更、体調不良、交通機関の乱れなどの如何なる理由により入場できなかった場合でも受け取...",2026-08-27 04:20:38,2026-08-27 07:17:28,,False,2026-08
c5y14be0ba,1787411056008,kamigata-expo-park-fes-2026,2026-10-31,,[大阪府] 万博記念公園,listing,20000,1,同行,electronic,female,"3名義所持(2連×1名義、単番×2名義)/4枚中4番手/初期当選/Aぇ名義/有効期限内/すり替えなし/下3桁提示可

プラベルでのお取引に移行させていただきます...",2026-08-22 15:04:16,2026-08-27 07:17:28,,False,2026-08
sold_kamigata-expo-park-fes-2026_1787344085665_33000,1787344085665,kamigata-expo-park-fes-2026,2026-10-31,,[大阪府] 万博記念公園,sold,33000,2,前日までにQR共有,electronic,female,"なにわ名義/初期当選/下3桁提示可/QR毎/すり替えなし/重複なし
公演前日に連絡ボードにてログイン情報をお伝えします。
当日チェックはご自身でお願いいたします...",2026-08-21 20:28:05,2026-08-27 07:17:28,2026-08-27 07:17:28,False,2026-08
r9dx22qobu,1787495912506,kamigata-expo-park-fes-2026,2026-10-31,,[大阪府] 万博記念公園,listing,55000,1,公演日1日前までにQRコード共有,electronic,female,"なにわ名義/初期当選/重複すり替えなし/有効期限内/下３桁開示可/発送物戻り無/過去エラー歴無

公演前日に必要な情報等を連絡ボードにてお知らせ致します。代表者...",2026-08-23 14:38:32,2026-08-27 07:17:28,,False,2026-08
sold_kamigata-expo-park-fes-2026_1787296755960_52000,1787296755960,kamigata-expo-park-fes-2026,2026-10-31,,[大阪府] 万博記念公園,sold,52000,2,公演日7日前までにQRコード共有,electronic,female,お値下げ🉑Aぇ名義/QR毎/重複すり替えなし/初期当選/該当名義/有効期間内/変更ボタンあり/下３桁提示/公演前日までに連絡ボードにてログイン情報をお伝え致し...,2026-08-21 07:19:15,2026-08-27 07:17:28,2026-08-27 07:17:28,False,2026-08
v12vt7wxvk,1787457909228,kamigata-expo-park-fes-2026,2026-10-31,,[大阪府] 万博記念公園,listing,55000,1,同行,electronic,female,"6名義中3番手/下3桁提示可能/単番当選のみ/全てSUPEREIGHT FC枠

・入場方法やブロックの詳細がまだ不明瞭な為、詳しい待ち合わせの時間等は公演三日...",2026-08-23 04:05:09,2026-08-27 07:17:28,,False,2026-08
sold_kamigata-expo-park-fes-2026_1787313324597_40000,1787313324597,kamigata-expo-park-fes-2026,2026-10-31,,[大阪府] 万博記念公園,sold,40000,2,公演日前日にQRコード共有,electronic,female,"QRごと/初期当選/前回ツアー落選名義/有効期限内/発送物戻り無/同一クレカ決済無し/下3桁提示可

公演前日に必要な情報等を連絡ボードにてお知らせ致します。代...",2026-08-21 11:55:24,2026-08-27 07:17:28,2026-08-27 07:17:28,False,2026-08
zcdd5jkvl1,1787301193590,kamigata-expo-park-fes-2026,2026-10-31,,[大阪府] 万博記念公園,listing,45000,2,同行,electronic,female,"FC先行/有効期限名義のみ/条件あり/2名義中2番手/すり替えなし/下3桁提示可
WEST名義×2
詳しい集合場所、時間等につきましては連絡ボードにて連絡させて...",2026-08-21 08:33:13,2026-08-27 07:17:28,,False,2026-08
7a6zt523u6,1787300864771,kamigata-expo-park-fes-2026,2026-10-31,,[大阪府] 万博記念公園,listing,65000,1,同行,electronic,female,"なにわ名義/有効期限内/重複すり替えなし/下3桁提示可

2連中1枚同行でのお譲りとなります。
大橋担不可

当日会場付近で待ち合わせし、同時入場していただきま...",2026-08-21 08:27:44,2026-08-27 07:17:28,,False,2026-08
y8lyg8o4ck,1787315975932,kamigata-expo-park-fes-2026,2026-10-31,,[大阪府] 万博記念公園,listing,29000,1,公演前日までにQRコード共有,electronic,female,"なにわ男子名義/初期当選/有効期限内会員/QRでのお譲り/すり替えなし/下3桁提示可能

公演前日にログイン情報を送付します。
入場後は速やかにログアウトくださ...",2026-08-21 12:39:35,2026-08-27 07:17:28,,False,2026-08
dyo0p97sop,1787295402716,kamigata-expo-park-fes-2026,2026-10-31,,[大阪府] 万博記念公園,listing,40000,2,2名義中2番手,electronic,female,"全てAぇ名義/初期当選/2名義中2番手/全て今ツ落選名義

当日の集合時間や場所等に関しては連絡ボードにてご連絡いたします。

待ち合わせ時間から10分以上遅刻...",2026-08-21 06:56:42,2026-08-27 07:17:28,,False,2026-08
osobt63n2a,1787317100746,kamigata-expo-park-fes-2026,2026-10-31,,[大阪府] 万博記念公園,listing,50000,2,公演日1日前までにQRコード共有,electronic,female,"Aぇ名義/FC初期当選/有効期限内/すり替えなし/下3桁提示可能

公演前日、ログインに必要な情報をお伝えいたします。ログイン後QR表示以外の操作は行わないでく...",2026-08-21 12:58:20,2026-08-27 07:17:28,,False,2026-08
kqrme6b9gv,1787586238055,kamigata-expo-park-fes-2026,2026-10-31,,[大阪府] 万博記念公園,listing,22000,1,同時入場,paper,female,"4名義中3番手

なにわ名義(単番✖️2、２連✖️1)
(女性名義✖️2、男性名義✖️1)

・ドームスタンド上段✖️2
・アルファスタンド✖️1

初期当選/...",2026-08-24 15:43:58,2026-08-27 07:17:28,,False,2026-08
sold_kamigata-expo-park-fes-2026_1787303928286_35000,1787303928286,kamigata-expo-park-fes-2026,2026-10-31,,[大阪府] 万博記念公園,sold,35000,2,同行,electronic,female,"初期当選/5名義中2番手/有効期限名義のみ/なにわ4名義・Aぇ1名義/すり替えなし/下3桁提示可能

・入場後はチケットを一旦回収し、当方が座席選択後に残りの4...",2026-08-21 09:18:48,2026-08-27 07:17:28,2026-08-27 07:17:28,False,2026-08
sold_kamigata-expo-park-fes-2026_1787303195526_30000,1787303195526,kamigata-expo-park-fes-2026,2026-10-31,,[大阪府] 万博記念公園,sold,30000,2,同行,electronic,female,"初期当選/5名義中4番手/有効期限名義のみ/なにわ4名義・Aぇ1名義/すり替えなし/下3桁提示可能

・入場後はチケットを一旦回収し、当方の座席選択後上位番手の...",2026-08-21 09:06:35,2026-08-27 07:17:28,2026-08-27 07:17:28,False,2026-08
l8gg4ah4e6,1787325692310,kamigata-expo-park-fes-2026,2026-10-31,,[大阪府] 万博記念公園,listing,47000,2,同時入場,electronic,female,"初期当選/4名義中2番手の2連/有効期限名義のみ/なにわ名義/すり替えなし/下3桁提示可能/発送物戻りなし

・入場後はチケットを一旦回収し、当方が選択しなかっ...",2026-08-21 15:21:32,2026-08-27 07:17:28,,False,2026-08
qfpq6vgzpo,1787358691111,kamigata-expo-park-fes-2026,2026-10-31,,[大阪府] 万博記念公園,listing,50000,2,同時入場,electronic,female,"初期当選/2名義中32番手/有効期限名義/すり替えなし

・入場後はチケットを一旦回収し、当方が座席選択後に順次チケットをお渡し致します。
※チケットを選ぶのに...",2026-08-22 00:31:31,2026-08-27 07:17:28,,False,2026-08
1zewnzedmf,1787400138033,kamigata-expo-park-fes-2026,2026-10-31,,[大阪府] 万博記念公園,listing,45000,1,同行,electronic,female,"なにわ名義/有効期限内/重複すり替えなし/下3桁提示可

※ プライベートチケットに切り替えますのでコメントお送りください。
2連中1枚同行でのお譲りとなります...",2026-08-22 12:02:18,2026-08-27 07:17:28,,False,2026-08
ipxgx8jpgv,1787478120544,kamigata-expo-park-fes-2026,2026-10-31,,[大阪府] 万博記念公園,listing,30000,1,同行,electronic,female,"初期当選/2名義中2番手/有効期限名義のみ/Aぇ名義/すり替えなし/下3桁提示可能/発送物戻りなし
購入の際はコメントください。プライベート出品に変更いたします...",2026-08-23 09:42:00,2026-08-27 07:17:28,,False,2026-08
sold_kamigata-expo-park-fes-2026_1787577672796_23000,1787577672796,kamigata-expo-park-fes-2026,2026-10-31,,[大阪府] 万博記念公園,sold,23000,1,公演日前日までにQRコード共有,electronic,female,"
・QR毎 単番
・初期当選 有効期限内 下3桁提示可
・郵送物戻りなし 
・過去エラーなし
・公演前日にログイン情報をお伝えします
・体調不良 / 交通機関の...",2026-08-24 13:21:12,2026-08-27 07:17:28,2026-08-27 07:17:28,False,2026-08
j6rwwln2ej,1787385423017,kamigata-expo-park-fes-2026,2026-10-31,,[大阪府] 万博記念公園,listing,36000,1,公演日前日までにQRコード共有,electronic,female,"WEST名義/座席未定/QR/有効期限内/重複すり替えなし/下3桁提示可能/初期当選

・公演前日に連絡ボードにて必要な情報をお伝えいたします。
・入場後、速や...",2026-08-22 07:57:03,2026-08-27 07:17:28,,False,2026-08
nquozym05g,1787296833994,kamigata-expo-park-fes-2026,2026-10-31,,[大阪府] 万博記念公園,listing,35000,1,同行,electronic,female,"3名義中2番手/有効期限内/すり替えなし/下3桁提示可/全てなにわ名義


・公演中止以外のいかなる場合でも返金はいたしません。
ランダムエラー・本人確認・交通...",2026-08-21 07:20:33,2026-08-27 07:17:28,,False,2026-08
du42orsrlu,1787303291999,kamigata-expo-park-fes-2026,2026-10-31,,[大阪府] 万博記念公園,listing,36000,2,同時入場,electronic,female,"2名義中2番手/初期当選/Aぇ名義/期限内/下3桁提示可



詳しい集合時間/場所につきましては、前日までに連絡ボードにてお伝え致します。
こちらが指定した集...",2026-08-21 09:08:11,2026-08-27 07:17:28,,False,2026-08
qehlhn5kwe,1787571930184,kamigata-expo-park-fes-2026,2026-10-31,,[大阪府] 万博記念公園,listing,25000,2,同行,electronic,female,"2名義中2番手/有効期限内/すり替えなし/初期当選

チケット代支払い済みです。
プライベート出品希望のため購入前にコメントお願いいたします。

公演当日、会場...",2026-08-24 11:45:30,2026-08-27 07:17:28,,False,2026-08
sold_kamigata-expo-park-fes-2026_1787299667837_32000,1787299667837,kamigata-expo-park-fes-2026,2026-10-31,,[大阪府] 万博記念公園,sold,32000,2,公演前日にログイン情報お伝えします。,electronic,female,"なにわ名義/QR毎/初期選有効期限/内会員過去エラー等の不備なし/下3桁提示可能/公演前日にログイン情報を送付します。
公演中止の場合は返金します。その他当日の...",2026-08-21 08:07:47,2026-08-27 07:17:28,2026-08-27 07:17:28,False,2026-08
t82ffsyopw,1787314304084,kamigata-expo-park-fes-2026,2026-10-31,,[大阪府] 万博記念公園,listing,60000,1,公演日前日にQRコード共有,electronic,female,"FC先行 / Aぇ名義 / QR毎 / 重複すり替えなし / 初期当選 / 有効期限内 / 下3桁提示 / 過去エラー等なし

公演前日になりましたらログイン情...",2026-08-21 12:11:44,2026-08-27 07:17:28,,False,2026-08
vvczx4tz3u,1787315874367,kamigata-expo-park-fes-2026,2026-10-31,,[大阪府] 万博記念公園,listing,27000,1,ログイン情報をお伝えします,electronic,female,"なにわ男子名義/初期当選/有効期限内会員/QRでのお譲り/すり替えなし/下3桁提示可能

【プライベート出品に変更いたしますので、購入希望の方はメッセージをお願...",2026-08-21 12:37:54,2026-08-27 07:17:28,,False,2026-08
a3z60584mo,1787313567377,kamigata-expo-park-fes-2026,2026-10-31,,[大阪府] 万博記念公園,listing,38000,2,公演日前日にログイン情報共有,electronic,female,"初期当選/QR毎/重複すり替えなし/なにわ男子名義/会員番号下3桁提示可能/有効期限内名義

閲覧頂きありがとうございます。
ログイン情報は公演日の前日にお伝え...",2026-08-21 11:59:27,2026-08-27 07:17:28,,False,2026-08
z16gtpzff4,1787307690302,kamigata-expo-park-fes-2026,2026-10-31,,[大阪府] 万博記念公園,listing,40000,2,同行,electronic,female,"FC先行/有効期限内/全てAぇ名義/3名義中3番手/すり替えなし/下3桁提示可

・入場後はチケットを一旦回収し、当方が座席選択後に順次チケットをお渡し致します...",2026-08-21 10:21:30,2026-08-27 07:17:28,,False,2026-08
vou1tlqtzu,1787293877041,kamigata-expo-park-fes-2026,2026-10-31,,[大阪府] 万博記念公園,listing,65000,1,前日にQRログイン情報を共有,electronic,female,"QR毎/なにわ男子名義/FC初期当選/有効期限内/下三桁提示可/重複差し

QR毎でのお譲りとなります。

前日にQR表示に必要な情報をお伝えいたします。
ログ...",2026-08-21 06:31:17,2026-08-27 07:17:28,,False,2026-08
sold_kamigata-expo-park-fes-2026_1787370973012_40000,1787370973012,kamigata-expo-park-fes-2026,2026-10-31,,[大阪府] 万博記念公園,sold,40000,2,公演日前日にログイン情報共有,electronic,female,"WEST名義
初期当選、有効期限内、下3桁提示可、重複すり替えなし

公演日前日にログイン情報を連絡ボードにてお伝え致します。公演日当日入場後は速やかにログアウ...",2026-08-22 03:56:13,2026-08-27 07:17:28,2026-08-27 07:17:28,False,2026-08
52iit957ck,1787406778824,kamigata-expo-park-fes-2026,2026-10-31,,[大阪府] 万博記念公園,listing,40000,2,公演前日にログイン情報共有,electronic,female,"代表・同行共に情報局名義/初期当選/有効期限内/下3桁提示可

ご購入の際はプライベート出品致します。

公演中止以外のキャンセル・返金は一切受け付けておりませ...",2026-08-22 13:52:58,2026-08-27 07:17:28,,False,2026-08
kvr40hswa1,1787804070504,kamigata-expo-park-fes-2026,2026-10-31,,[大阪府] 万博記念公園,listing,0,2,同行,electronic,female,"4名義中2番手
WEST.名義/有効期限内/すり替えなし/下三桁提示可能

ランダムエラー、出演者変更、体調不良、交通機関の乱れなどの如何なる理由により入場でき...",2026-08-27 04:14:30,2026-08-27 07:17:28,,False,2026-08
nv56adxmjn,1787302413627,kamigata-expo-park-fes-2026,2026-10-31,,[大阪府] 万博記念公園,listing,40000,1,公演日7日前までにQRコード共有,electronic,female,お値下げ🉑Aぇ名義/QR毎/重複すり替えなし/初期当選/該当名義/有効期間内/変更ボタンあり/下３桁提示/公演前日までに連絡ボードにてログイン情報をお伝え致し...,2026-08-21 08:53:33,2026-08-27 07:17:28,,False,2026-08
ml8ie5b03m,1787507767503,kamigata-expo-park-fes-2026,2026-10-31,,[大阪府] 万博記念公園,listing,38000,2,公演前日にログイン情報共有,electronic,female,"FC先行/WEST名義/座席未定/条件なしQRごとお譲り/下3桁提示可/重複すり替えなし/初期当選/有効期限内/Pay-easy支払い

・ご購入の際はプライベ...",2026-08-23 17:56:07,2026-08-27 07:17:28,,False,2026-08
sold_kamigata-expo-park-fes-2026_1787302256966_20000,1787302256966,kamigata-expo-park-fes-2026,2026-10-31,,[大阪府] 万博記念公園,sold,20000,1,公演日7日前までにQRコード共有,electronic,female,"なにわ名義 / FC先行 / 初期当選 / 有効期限内名義 / すり替え重複なし / 座席未定 / 会員番号下3桁提示可能 公演日の2～3日前発送予定

※必ず...",2026-08-21 08:50:56,2026-08-27 07:17:28,2026-08-27 07:17:28,False,2026-08
9ahjvak424,1787362759800,kamigata-expo-park-fes-2026,2026-10-31,,[大阪府] 万博記念公園,listing,30000,1,QR毎,electronic,female,"なにわ名義/初期当選/有効期限内/下3桁提示可能 /重複すり替えなし

公演前日に必要な情報等を連絡ボードにてお知らせ致します。代表者の同意チェックは購入者様ご...",2026-08-22 01:39:19,2026-08-27 07:17:28,,False,2026-08
wr5qzmiadc,1787739751338,kamigata-expo-park-fes-2026,2026-10-31,,[大阪府] 万博記念公園,listing,39000,1,同行,electronic,female,"2名義中2番手

初期当選/有効期限名義のみ/なにわ名義×2/下3桁提示可/返送物戻り無し

開場時間前の集合を考えております。
・入場後はチケットを一旦回収し...",2026-08-26 10:22:31,2026-08-27 07:17:28,,False,2026-08
sold_kamigata-expo-park-fes-2026_1787321658901_27000,1787321658901,kamigata-expo-park-fes-2026,2026-10-31,,[大阪府] 万博記念公園,sold,27000,2,同行,electronic,female,"初期当選/2名義中2番手の2連/有効期限名義のみ/なにわ名義/すり替えなし/下3桁提示可能/発送物戻りなし

・入場後はチケットを一旦回収し、当方が選択しなかっ...",2026-08-21 14:14:18,2026-08-27 07:17:28,2026-08-27 07:17:28,False,2026-08
sold_kamigata-expo-park-fes-2026_1787298457526_40000,1787298457526,kamigata-expo-park-fes-2026,2026-10-31,,[大阪府] 万博記念公園,sold,40000,2,公演日2日前までにQRコード共有,electronic,female,"該当名義(変更ボタンあり)初期当選 有効期限内会員 過去エラー等の不備なし
QRでのお譲り すり替えなし 下3桁提示可能

公演2日前までにログイン情報を送付し...",2026-08-21 07:47:37,2026-08-27 07:17:28,2026-08-27 07:17:28,False,2026-08
9skmhsxtl2,1787302614120,kamigata-expo-park-fes-2026,2026-10-31,,[大阪府] 万博記念公園,listing,50000,2,同行,electronic,female,"初期当選/2名義中2番手/有効期限内
全てジュニア名義/すり替えなし/下3桁提示可

入場後はチケットを一旦回収し、当方が座席選択後に順次チケットをお渡し致しま...",2026-08-21 08:56:54,2026-08-27 07:17:28,,False,2026-08
o3bmqtrw9y,1787298243319,kamigata-expo-park-fes-2026,2026-10-31,,[大阪府] 万博記念公園,listing,65000,1,同行,electronic,female,"初期当選/重複すり替え無し/下3桁提示可/有効期限内/発送物戻り無し/エラー無し/なにわ名義/FC同士

2連中1枚(長尾担不可)  

集合時間場所等は、公演...",2026-08-21 07:44:03,2026-08-27 07:17:28,,False,2026-08
83bmhe85n7,1787490831811,kamigata-expo-park-fes-2026,2026-10-31,,[大阪府] 万博記念公園,listing,22000,2,同行,electronic,none,"FC先行/有効期限内/3名義中3番手/全てデビュー組名義/すり替えなし

3名義中1名義は男性名義が代表者での当選となります。

当日の集合時間・場所等に関して...",2026-08-23 13:13:51,2026-08-27 07:17:28,,False,2026-08
sold_kamigata-expo-park-fes-2026_1787304000352_32000,1787304000352,kamigata-expo-park-fes-2026,2026-10-31,,[大阪府] 万博記念公園,sold,32000,1,入金後24時間以内にQRコード共有,electronic,female,"【本日中に入金可能な方のみご購入下さい】


FC先行／Aぇ!group名義／初期当選／下3桁提示可／重複すり替えなし

ご購入後すぐにログイン情報お伝えします...",2026-08-21 09:20:00,2026-08-27 07:17:28,2026-08-27 07:17:28,False,2026-08
9tc59luebu,1787656772403,kamigata-expo-park-fes-2026,2026-10-31,,[大阪府] 万博記念公園,listing,50000,1,同行,electronic,female,"当方の同行者枠/初期当選/すり替えなし/下3桁提示可/有効期限内/Aぇ×Aぇ名義

・入場後は速やかにログアウト・受け取り通知をお願いいたします。
・座席に関す...",2026-08-25 11:19:32,2026-08-27 07:17:28,,False,2026-08
cgfp39dfe7,1787719632301,kamigata-expo-park-fes-2026,2026-10-31,,[大阪府] 万博記念公園,listing,23000,2,同行,electronic,female,"4名義中4番手名義

全てなにわ名義

初期当選/有効期限内/すり替えなし/下3桁提示可能

・公演中止以外の返金、キャンセルの対応はいたしかねますので、ご了承...",2026-08-26 04:47:12,2026-08-27 07:17:28,,False,2026-08
xsjioac2fp,1787357021916,kamigata-expo-park-fes-2026,2026-10-31,,[大阪府] 万博記念公園,listing,50000,1,前日ログイン情報お伝え,electronic,female,重複すり替えなし、aぇ group名義、QR毎のお譲り、昨年スタンド名義(最終当選歴のため今年は落選)、下3桁お伝え可能、エラーなし、有効期限内名義、初期当選、...,2026-08-22 00:03:41,2026-08-27 07:17:28,,False,2026-08
9f6i74napy,1787385421813,kamigata-expo-park-fes-2026,2026-10-31,,[大阪府] 万博記念公園,listing,33000,2,公演日前日までにログイン情報共有,electronic,female,"QR毎のお譲り
なにわ名義×なにわ名義 / 会員番号若番のため下2桁提示可能 / 有効期限内

前日までにログイン情報をお伝えさせていただきます。
入場後は速や...",2026-08-22 07:57:01,2026-08-27 07:17:28,,False,2026-08
sold_kamigata-expo-park-fes-2026_1787302953415_46000,1787302953415,kamigata-expo-park-fes-2026,2026-10-31,,[大阪府] 万博記念公園,sold,46000,2,入金後24時間以内にQRコード共有,electronic,female,"Aぇ名義/初期当選/有効期限内/下3桁提示可/発送物戻り無/同一クレカ無し/エラー歴なし

公演前日に必要な情報等を連絡ボードにてお知らせいたします。代表者の同...",2026-08-21 09:02:33,2026-08-27 07:17:28,2026-08-27 07:17:28,False,2026-08
rverl91uk9,1787294250017,kamigata-expo-park-fes-2026,2026-10-31,,[大阪府] 万博記念公園,listing,38000,2,同行,electronic,female,"ファンクラブ先行 Aぇ名義 座席未定
 2名義中2番手 下3桁提示可 初期当選
有効期限内 着ブロ指定なし
公演当日、会場付近にて集合し同時入場して頂きます。...",2026-08-21 06:37:30,2026-08-27 07:17:28,,False,2026-08
sold_kamigata-expo-park-fes-2026_1787496604016_3200,1787496604016,kamigata-expo-park-fes-2026,2026-10-31,,[大阪府] 万博記念公園,sold,3200,1,公演前日までにQRコード共有,electronic,female,"※8/25(火)23:59までにPay-easyにて別途定価+手数料（16800円）支払い可能な方のみ

※評価4.9以下の方は購入をお控えください

FC先行...",2026-08-23 14:50:04,2026-08-27 07:17:28,2026-08-27 07:17:28,False,2026-08
r2b2w811aa,1787494150171,kamigata-expo-park-fes-2026,2026-10-31,,[大阪府] 万博記念公園,listing,35000,2,同行,electronic,female,"2名義中2番手/有効期限内/すり替えなし/下3桁提示可能/初期当選

プラベルでお取引したいので購入前にコメントお願いいたします。

同時入場し、入場後一旦チケ...",2026-08-23 14:09:10,2026-08-27 07:17:28,,False,2026-08
5ecvppy68q,1787299592403,kamigata-expo-park-fes-2026,2026-10-31,,[大阪府] 万博記念公園,listing,45000,2,同行,electronic,female,"2名義中2番手/初期当選/下3桁提示可
プラベルへの移行可能です。
公演当日会場付近で開場時間30分前を目安に待ち合わせし、同時入場していただきます。
詳しい待...",2026-08-21 08:06:32,2026-08-27 07:17:28,,False,2026-08
qsou1uq0vt,1787482397111,kamigata-expo-park-fes-2026,2026-10-31,,[大阪府] 万博記念公園,listing,28000,2,3名義中3番手,electronic,female,"3名義中3番手/初期当選のみ/Jr該当×Aぇのみ/すり替えなし/下3桁提示可/有効期限内名義/発送物戻りなし

当日は、会場付近で集合し同時入場いたします。
未...",2026-08-23 10:53:17,2026-08-27 07:17:28,,False,2026-08
7gi6e4q5hm,1787325082820,kamigata-expo-park-fes-2026,2026-10-31,,[大阪府] 万博記念公園,listing,27000,1,同行,electronic,female,"初期当選/2名義中2番手/有効期限名義のみ/なにわ、EIGHT名義/すり替えなし/下3桁提示可能/発送物戻りあり名義含むためお安くしております。

・入場後はチ...",2026-08-21 15:11:22,2026-08-27 07:17:28,,False,2026-08
k2roi3lw48,1787508027379,kamigata-expo-park-fes-2026,2026-10-31,,[大阪府] 万博記念公園,listing,33000,2,同時入場、2名義中2番手,electronic,female,"2名義中2番手

プラベル出品可

初期当選/有効期限名義のみ/なにわ×なにわ 2名義/下3桁提示可/返送物戻り無し

開場時間前の集合を考えております。
・入...",2026-08-23 18:00:27,2026-08-27 07:17:28,,False,2026-08
wnqrtv8wj3,1787639870079,kamigata-expo-park-fes-2026,2026-11-01,,[大阪府] 万博記念公園,listing,30000,2,2名義中2番手,electronic,female,"2名義中2番手
名義・同行者共にAぇFC会員
当日当方の指定した場所時間に集合し、同時入場当方が選ばなかった方のチケットをお渡しいたします。集合時間や場所は前日...",2026-08-25 06:37:50,2026-08-27 07:17:28,,False,2026-08
hqowkmj739,1787364069952,kamigata-expo-park-fes-2026,2026-11-01,,[大阪府] 万博記念公園,listing,30000,1,公演日1日前にログイン情報共有,electronic,female,"QR毎/Aぇ名義/初期当選/有効期限内/重複すり替えなし/下3桁提示可

公演中止の場合のみ返金いたします。
本人確認、ランダムエラー対応不可",2026-08-22 02:01:09,2026-08-27 07:17:28,,False,2026-08
pkaffpbw88,1787294412259,kamigata-expo-park-fes-2026,2026-11-01,,[大阪府] 万博記念公園,listing,34000,2,公演日1日前までにQRコード共有,electronic,female,"Aぇ名義/初期当選/ 座席未定 / QR毎 /下3桁提示可/ 有効期限内 / 発送物戻りなし/着ブロ希望なし/ コンビニ決済

プラベ出品対応可能です。
同行者...",2026-08-21 06:40:12,2026-08-27 07:17:28,,False,2026-08
t91liaz1jd,1787480661377,kamigata-expo-park-fes-2026,2026-11-01,,[大阪府] 万博記念公園,listing,60000,2,公演前日にログイン情報ご連絡します,electronic,male,"QR毎・初期当選・有効期限内名義・重複すり替えなし・下3桁提示可・発送物戻りなし・過去エラー等なし・申込者、同行者共にWEST.名義

公演前日にログイン情報共...",2026-08-23 10:24:21,2026-08-27 07:17:28,,False,2026-08
walzyjmtkr,1787295360434,kamigata-expo-park-fes-2026,2026-11-01,,[大阪府] 万博記念公園,listing,67000,1,公演日2日前にログイン情報共有,electronic,female,"なにわ名義/初期当選/有効期限内/発送物戻り無/同一クレカ無し

公演前日に必要な情報等を連絡ボードにてお知らせ致します。同意チェックは購入者様ご自身でお願い致...",2026-08-21 06:56:00,2026-08-27 07:17:28,,False,2026-08
sold_kamigata-expo-park-fes-2026_1787294346700_40000,1787294346700,kamigata-expo-park-fes-2026,2026-11-01,,[大阪府] 万博記念公園,sold,40000,2,同行,electronic,female,"ファンクラブ先行 Aぇ名義 座席未定
 2名義中2番手 下3桁提示可 初期当選
有効期限内 着ブロ指定なし
公演当日、会場付近にて集合し同時入場して頂きます。...",2026-08-21 06:39:06,2026-08-27 07:17:28,2026-08-27 07:17:28,False,2026-08
hwrznvl09h,1787294510661,kamigata-expo-park-fes-2026,2026-11-01,,[大阪府] 万博記念公園,listing,40000,1,公演日前日までにログイン情報共有,electronic,female,"なにわ名義/条件なし/QRごと/すり替えなし会員番号下3桁開示可/初期当選/有効期限内/郵送物戻りなし

公演日の前日にログイン情報をお伝えします。

ログイン...",2026-08-21 06:41:50,2026-08-27 07:17:28,,False,2026-08
sold_kamigata-expo-park-fes-2026_1787555693880_15000,1787555693880,kamigata-expo-park-fes-2026,2026-11-01,,[大阪府] 万博記念公園,sold,15000,2,公演日前日にQRコード共有,electronic,female,"※8/24(火)23:59までに、Pay-easyにて別途定価＋手数料（16,800円）のお支払いが可能な方のみ

Aぇ名義／初期当選／QR毎／座席未定／重複す...",2026-08-24 07:14:53,2026-08-27 07:17:28,2026-08-27 07:17:28,False,2026-08
7yrylnnhsj,1787495010530,kamigata-expo-park-fes-2026,2026-11-01,,[大阪府] 万博記念公園,listing,26000,2,5名義中4番手,electronic,female,"FC・情報局先行/有効期限内/5名義中4番手/すり替えなし/下3桁提示可

開場時間の8:30入場の可能性があります。
会場付近にて待ち合わせし同時入場していた...",2026-08-23 14:23:30,2026-08-27 07:17:28,,False,2026-08
no9fk7mof1,1787293239265,kamigata-expo-park-fes-2026,2026-11-01,,[大阪府] 万博記念公園,listing,35000,2,同行,electronic,female,"FC先行/有効期限名義のみ/条件あり/4名義中3番手/すり替えなし/下3桁提示可

詳しい集合場所、時間等につきましては 連絡ボードにて連絡させていただきます。...",2026-08-21 06:20:39,2026-08-27 07:17:28,,False,2026-08
sold_kamigata-expo-park-fes-2026_1787299252610_16500,1787299252610,kamigata-expo-park-fes-2026,2026-11-01,,[大阪府] 万博記念公園,sold,16500,2,公演日前日までにQRコード共有,electronic,female,"⚠️〜8月24日中に入金して頂ける方⚠️

Aぇ名義/初期当選/ QR毎 2連 /FC同士/下3桁提示可/ 有効期限内 /重複すり替え無し/発送物戻りなし

入...",2026-08-21 08:00:52,2026-08-27 07:17:28,2026-08-27 07:17:28,False,2026-08
8dokvxjdue,1787721254342,kamigata-expo-park-fes-2026,2026-11-01,,[大阪府] 万博記念公園,listing,44444,2,当日手渡し,paper,female,"ファンクラブ先行/初期当選/有効期限内/コンビニ決済済

2名義中2番手

公演当日 会場付近にて待ち合わせし、同時入場していただきます。
開場時間まで集合場所...",2026-08-26 05:14:14,2026-08-27 07:17:28,,False,2026-08
sold_kamigata-expo-park-fes-2026_1787300863457_30000,1787300863457,kamigata-expo-park-fes-2026,2026-11-01,,[大阪府] 万博記念公園,sold,30000,1,公演当日,electronic,female,"単番×2 連番×2 の中からすり替えなしで1枚お渡しいたします。
座席選択権はございません。
初期当選/すり替えなし/下3桁提示可

公演中止以外の返金は致しか...",2026-08-21 08:27:43,2026-08-27 07:17:28,2026-08-27 07:17:28,False,2026-08
sold_kamigata-expo-park-fes-2026_1787302599461_35000,1787302599461,kamigata-expo-park-fes-2026,2026-11-01,,[大阪府] 万博記念公園,sold,35000,2,同行,electronic,female,"初期当選/2名義中2番手/有効期限名義のみ/なにわ2連・Aぇ2連/すり替えなし/下3桁提示可

・入場後はチケットを一旦回収し、当方が座席選択後に残りのチケット...",2026-08-21 08:56:39,2026-08-27 07:17:28,2026-08-27 07:17:28,False,2026-08
iul7o9z04r,1787317029220,kamigata-expo-park-fes-2026,2026-11-01,,[大阪府] 万博記念公園,listing,45000,1,QR,electronic,female,"Aぇ! group名義/初期当選/有効期限内/クレカ決済同一クレカ決済無し/重複すり替えなし/下3桁提示可能

公演前日、ログインに必要な情報をお伝えいたします...",2026-08-21 12:57:09,2026-08-27 07:17:28,,False,2026-08
sold_kamigata-expo-park-fes-2026_1787316882815_23000,1787316882815,kamigata-expo-park-fes-2026,2026-11-01,,[大阪府] 万博記念公園,sold,23000,1,同行,electronic,female,"⭐️ランダムまたは公演の詳細によってはQRごとの可能性あり
・入場時刻の30分前を目安に会場付近に集合し、同時入場をさせて頂きます。
・交通機関やトラブル等を加...",2026-08-21 12:54:42,2026-08-27 07:17:28,2026-08-27 07:17:28,False,2026-08
sold_kamigata-expo-park-fes-2026_1787300535096_40000,1787300535096,kamigata-expo-park-fes-2026,2026-11-01,,[大阪府] 万博記念公園,sold,40000,2,公演日前日にログイン情報共有,electronic,female,"なにわ名義/FC同士/初期当選/下3桁開示可能/期限内/郵送物戻りなし/重複すり替えなし

公演日前日に連絡ボードにてログイン情報をお伝えします。同行者登録はご...",2026-08-21 08:22:15,2026-08-27 07:17:28,2026-08-27 07:17:28,False,2026-08
nn7esi6gg5,1787306462339,kamigata-expo-park-fes-2026,2026-11-01,,[大阪府] 万博記念公園,listing,70000,1,公演前日にログイン情報共有,electronic,female,"⚠️1枚のみのお譲り

Aぇ名義/QRごと/すり替えなし/会員番号下3桁開示可/初期当選/有効期限内/Pay-easy決済/着ブロ希望なし/郵送物戻りなし/プラ...",2026-08-21 10:01:02,2026-08-27 07:17:28,,False,2026-08
sold_kamigata-expo-park-fes-2026_1787300975595_25000,1787300975595,kamigata-expo-park-fes-2026,2026-11-01,,[大阪府] 万博記念公園,sold,25000,2,同行,electronic,none,"⭐️ランダムまたは公演の詳細によってはQRごとの可能性あり
・入場時刻の30分前を目安に会場付近に集合し、同時入場をさせて頂きます。
・交通機関やトラブル等を加...",2026-08-21 08:29:35,2026-08-27 07:17:28,2026-08-27 07:17:28,False,2026-08
8p9ztkpro9,1787310800209,kamigata-expo-park-fes-2026,2026-11-01,,[大阪府] 万博記念公園,listing,37000,1,公演前日にログイン情報共有,electronic,female,"FC先行/WEST名義/座席未定/条件なしQRごとお譲り/下3桁提示可/重複すり替えなし/初期当選/有効期限内/Pay-easy支払い

・ご購入の際はプライベ...",2026-08-21 11:13:20,2026-08-27 07:17:28,,False,2026-08
sold_kamigata-expo-park-fes-2026_1787494757886_16500,1787494757886,kamigata-expo-park-fes-2026,2026-11-01,,[大阪府] 万博記念公園,sold,16500,2,5名義中5番手,electronic,female,"FC.情報局先行/有効期限内/5名義中5番手/すり替えなし/下3桁提示可

開場時間の8:30入場の可能性があります。
会場付近にて待ち合わせし同時入場していた...",2026-08-23 14:19:17,2026-08-27 07:17:28,2026-08-27 07:17:28,False,2026-08
sold_kamigata-expo-park-fes-2026_1787316093161_10000,1787316093161,kamigata-expo-park-fes-2026,2026-11-01,,[大阪府] 万博記念公園,sold,10000,2,公演日の前日までにQRコード共有,electronic,female,"+定価分をPay-easyにて24日までにお支払い頂きます。
Aぇ名義/直近ツアー落選/有効期限内/下3桁提示可能/同行者女性名義

公演中止の場合のみ返金対応...",2026-08-21 12:41:33,2026-08-27 07:17:28,2026-08-27 07:17:28,False,2026-08
sold_kamigata-expo-park-fes-2026_1787322417123_31000,1787322417123,kamigata-expo-park-fes-2026,2026-11-01,,[大阪府] 万博記念公園,sold,31000,1,公演日1日前までにQRコード共有,electronic,female,"なにわ名義、有効期限内、下3桁提示可

公演中止以外の返金不可",2026-08-21 14:26:57,2026-08-27 07:17:28,2026-08-27 07:17:28,False,2026-08
gboei8wwde,1787293182543,kamigata-expo-park-fes-2026,2026-11-01,,[大阪府] 万博記念公園,listing,40000,2,同行,electronic,female,"FC先行/有効期限名義のみ/条件あり/4名義中2番手/すり替えなし/下3桁提示可

詳しい集合場所、時間等につきましては 連絡ボードにて連絡させていただきます。...",2026-08-21 06:19:42,2026-08-27 07:17:28,,False,2026-08
my44hz8qey,1787495195513,kamigata-expo-park-fes-2026,2026-11-01,,[大阪府] 万博記念公園,listing,30000,2,5名義中3番手,electronic,female,"FC.情報局先行/有効期限内/5名義中3番手/すり替えなし/下3桁提示可

開場時間の8:30入場の可能性があります。
会場付近にて待ち合わせし同時入場していた...",2026-08-23 14:26:35,2026-08-27 07:17:28,,False,2026-08
iznlay2q4r,1787297959943,kamigata-expo-park-fes-2026,2026-11-01,,[大阪府] 万博記念公園,listing,75000,2,公演前日にログイン情報共有,electronic,female,"QR毎/FC初期当選/有効期限内/下三桁提示可/重複差し

QR毎でのお譲りとなります。
同行者の同意チェックはこちらでいたしますので、代表者分のみお願いいたし...",2026-08-21 07:39:19,2026-08-27 07:17:28,,False,2026-08
dz40zeae9v,1787457235860,kamigata-expo-park-fes-2026,2026-11-01,,[大阪府] 万博記念公園,listing,33000,1,当日同行,electronic,female,"2名義中2番手(どちらも単番)
ジュニア名義
8時半には入場できるように8時頃の集合
中ではお好きにしてください

初期当選/2名義中2番手/有効期限内名義/す...",2026-08-23 03:53:55,2026-08-27 07:17:28,,False,2026-08
svx71shyvh,1787327525750,kamigata-expo-park-fes-2026,2026-11-01,,[大阪府] 万博記念公園,listing,40000,2,同時入場,electronic,female,"2名義中2番手でのお譲りになります。
なにわ名義1,Aぇ名義1/初期当選/すり替えなし/下3桁提示可

公演当日こちらが指定した場所に集合し、同時入場していただ...",2026-08-21 15:52:05,2026-08-27 07:17:28,,False,2026-08
0khggwj9ht,1787304861330,kamigata-expo-park-fes-2026,2026-11-01,,[大阪府] 万博記念公園,listing,40000,2,公演日前日にQRコード共有,electronic,female,"Aぇ! group 名義　FC‪✕‬FC
ファンクラブ先行 座席未定 初期当選
QR毎　すり替えなし 購入後下3桁提示可能

※プライベート出品へ移行のため、承...",2026-08-21 09:34:21,2026-08-27 07:17:28,,False,2026-08
sold_kamigata-expo-park-fes-2026_1787296593399_52000,1787296593399,kamigata-expo-park-fes-2026,2026-11-01,,[大阪府] 万博記念公園,sold,52000,2,公演日7日前までにQRコード共有,electronic,female,Aぇ名義/QR毎/重複すり替えなし/初期当選/該当名義/有効期間内/変更ボタンあり/下３桁提示/公演前日までに連絡ボードにてログイン情報をお伝え致します。入場後...,2026-08-21 07:16:33,2026-08-27 07:17:28,2026-08-27 07:17:28,False,2026-08
6yhtah5tku,1787643059677,kamigata-expo-park-fes-2026,2026-11-01,,[大阪府] 万博記念公園,listing,60000,1,公演前日にログイン情報共有,electronic,female,"なにわ名義/条件なし/QRごと/重複すり替えなし/下3桁開示可/初期当選/有効期限内/郵送物戻りなし

公演日前日にログイン情報をお伝えいたします。
プラベル可...",2026-08-25 07:30:59,2026-08-27 07:17:28,,False,2026-08
b7qb62pfav,1787309922351,kamigata-expo-park-fes-2026,2026-11-01,,[大阪府] 万博記念公園,listing,30000,2,同行,electronic,female,"FC先行/有効期限名義のみ/条件あり/4名義中4番手/すり替えなし/下3桁提示可

詳しい集合場所、時間等につきましては 連絡ボードにて連絡させていただきます。...",2026-08-21 10:58:42,2026-08-27 07:17:28,,False,2026-08
xwvtvmr0un,1787317725364,kamigata-expo-park-fes-2026,2026-11-01,,[大阪府] 万博記念公園,listing,34500,1,公演前日にログイン情報共有,electronic,female,"単番QR毎／なにわ男子初当選名義／下3桁提示可／ペイジー決済／発送物戻りなし

☆同意チェックは買い手様ご自身にお任せしております。

☆出演者変更やランダムエ...",2026-08-21 13:08:45,2026-08-27 07:17:28,,False,2026-08
dxxabn7qbd,1787534350815,kamigata-expo-park-fes-2026,2026-11-01,,[大阪府] 万博記念公園,listing,60000,1,前日にQRコード共有,electronic,female,"なにわ名義/初期当選/重複すり替えなし/有効期限内/下３桁開示可/発送物戻り無/過去エラー歴無

公演前日に必要な情報等を連絡ボードにてお知らせ致します。
公演...",2026-08-24 01:19:10,2026-08-27 07:17:28,,False,2026-08
dynup8h93l,1787562005396,kamigata-expo-park-fes-2026,2026-11-01,,[大阪府] 万博記念公園,listing,38500,2,公演日前日にログイン情報共有,electronic,female,"QR毎/初期当選(Aぇ名義×Aぇ名義)/有効期限内/下3桁提示可/重複すり替えなし

公演日前日にログイン情報を連絡ボードにてお伝えいたします。
公演日当日入場...",2026-08-24 09:00:05,2026-08-27 07:17:28,,False,2026-08
6z2m3ix451,1787301070542,kamigata-expo-park-fes-2026,2026-11-01,,[大阪府] 万博記念公園,listing,35000,2,2名義中2番手,electronic,female,"2名義中2番手⭐️プラベルにてお取引させて頂くため、ご購入希望の方はチケテンメッセージまでお願い致します。⭐️

FC先行 なにわ名義 座席未定
 2名義中2番...",2026-08-21 08:31:10,2026-08-27 07:17:28,,False,2026-08
gxhh9581sm,1787712890309,kamigata-expo-park-fes-2026,2026-11-01,,[大阪府] 万博記念公園,listing,45000,2,公演日前日までにQRコード共有,electronic,male,"QR毎/Aぇ! group×Aぇ! group名義/FC初期当選/有効期限内/下三桁提示可/重複なし

QR毎でのお譲りとなります。

前日にQR表示に必要な情...",2026-08-26 02:54:50,2026-08-27 07:17:28,,False,2026-08
sold_kamigata-expo-park-fes-2026_1787380262124_15000,1787380262124,kamigata-expo-park-fes-2026,2026-11-01,,[大阪府] 万博記念公園,sold,15000,2,6名義中3番手,electronic,female,"⚠️定価分は支払番号提示しますので24日23:59までに支払いお願いします。
これ以上の値下げ考えておりません

初期当選/すり替えなし/下3桁提示可
・開場時...",2026-08-22 06:31:02,2026-08-27 07:17:28,2026-08-27 07:17:28,False,2026-08
ex710mptu4,1787659190614,kamigata-expo-park-fes-2026,2026-11-01,,[大阪府] 万博記念公園,listing,50000,1,同行,electronic,female,"当方の同行者枠/初期当選/すり替えなし/下3桁提示可/有効期限内/Aぇ×Aぇ名義

・入場後は速やかにログアウト・受け取り通知をお願いいたします。
・座席に関す...",2026-08-25 11:59:50,2026-08-27 07:17:28,,False,2026-08
mka65pcoww,1787397272002,kamigata-expo-park-fes-2026,2026-11-01,,[大阪府] 万博記念公園,listing,30000,1,公演日前日にQRコード共有,electronic,male,"プライベート出品させていただきますので購入前にメッセージをお願いします。

WEST.名義/QR毎/重複なし/すり替えなし/郵便戻りなし/有効会員期限内/入金確...",2026-08-22 11:14:32,2026-08-27 07:17:28,,False,2026-08
sold_kamigata-expo-park-fes-2026_1787305550462_32000,1787305550462,kamigata-expo-park-fes-2026,2026-11-01,,[大阪府] 万博記念公園,sold,32000,2,公演日前日までにログイン情報共有,electronic,female,"QR毎/初期当選/有効期限内/下3桁提示可/WEST名義

※支払い番号をお伝えするので
8/24までにご自身で入金可能な方

・公演前日にログイン情報お伝えし...",2026-08-21 09:45:50,2026-08-27 07:17:28,2026-08-27 07:17:28,False,2026-08
sold_kamigata-expo-park-fes-2026_1787320823892_33000,1787320823892,kamigata-expo-park-fes-2026,2026-11-01,,[大阪府] 万博記念公園,sold,33000,2,公演前日にQRカードお渡し致します。,paper,female,"なにわ名義/初期当選/有効期限内/発送物戻り無/同一クレカ無し

公演前日に必要な情報等を連絡ボードにてお知らせ致します。代表者の同意チェックは購入者様ご自身で...",2026-08-21 14:00:23,2026-08-27 07:17:28,2026-08-27 07:17:28,False,2026-08
mf6ju0zfm4,1787312386437,kamigata-expo-park-fes-2026,2026-11-01,,[大阪府] 万博記念公園,listing,40000,2,同時入場,electronic,female,"初期当選/2名義中2番手/すり替え無し/下3桁提示可/有効期限内

★代表者・同行者共にAぇFCで登録済み
★不備名義なし
★プラベル対応可

※公式にて「TA...",2026-08-21 11:39:46,2026-08-27 07:17:28,,False,2026-08
3omaa75xpi,1787654640815,kamigata-expo-park-fes-2026,2026-11-01,,[大阪府] 万博記念公園,listing,30000,1,公演前日までにQR共有,electronic,female,"初期当選/有効期限内/すり替えなし/下三桁提示可/過去エラー歴なし
公演前日までにログイン情報をお伝えします。ランダムエラーや本人確認など公演中止以外の場合での...",2026-08-25 10:44:00,2026-08-27 07:17:28,,False,2026-08
xq8q8qvjbc,1787304457972,kamigata-expo-park-fes-2026,2026-11-01,,[大阪府] 万博記念公園,listing,46000,1,公演日1日前までにQRコード共有,electronic,male,"⚠️8月24日までに入金していただける方
ファンクラブ先行、座席未定　
QRごとのお譲り、有効期限内、すり替えなし、該当名義、下3桁提示可能
公演1日前になりま...",2026-08-21 09:27:37,2026-08-27 07:17:28,,False,2026-08
sold_kamigata-expo-park-fes-2026_1787314247952_35000,1787314247952,kamigata-expo-park-fes-2026,2026-11-01,,[大阪府] 万博記念公園,sold,35000,2,公演日3日前までに郵送,paper,female,"なにわ名義/初期当選/有効期限内/発送物戻り無/同一クレカ無し

公演前日に必要な情報等を連絡ボードにてお知らせ致します。代表者の同意チェックは購入者様ご自身で...",2026-08-21 12:10:47,2026-08-27 07:17:28,2026-08-27 07:17:28,False,2026-08
sold_kamigata-expo-park-fes-2026_1787319220054_28000,1787319220054,kamigata-expo-park-fes-2026,2026-11-01,,[大阪府] 万博記念公園,sold,28000,2,同行,electronic,female,"初期当選/3名義中3番手/すり替え無し/下3桁提示可/有効期限内

★代表者・同行者共になにわ男子FCで登録済み
不備名義なし

※公式にて「TAKOYAKI...",2026-08-21 13:33:40,2026-08-27 07:17:28,2026-08-27 07:17:28,False,2026-08
t98csnvndu,1787469434156,kamigata-expo-park-fes-2026,2026-11-01,,[大阪府] 万博記念公園,listing,26000,1,同行,electronic,female,"2名義中2番手 どちらも単番、Aぇ名義 
初期当選/すり替えなし/有効期限内/下3桁提示可

公演当日、会場付近で待ち合わせをし、同時入場して頂きます。
入場時...",2026-08-23 07:17:14,2026-08-27 07:17:28,,False,2026-08
nxx57wef6d,1787298552252,kamigata-expo-park-fes-2026,2026-11-01,,[大阪府] 万博記念公園,listing,60000,2,公演日前日までにQRコード共有,electronic,female,"QR毎/Aぇ! group×Aぇ! group名義/FC初期当選/有効期限内/下三桁提示可/重複なし

QR毎でのお譲りとなります。

前日にQR表示に必要な情...",2026-08-21 07:49:12,2026-08-27 07:17:28,,False,2026-08
sold_kamigata-expo-park-fes-2026_1787300878465_30000,1787300878465,kamigata-expo-park-fes-2026,2026-11-01,,[大阪府] 万博記念公園,sold,30000,1,公演当日,electronic,female,"単番×2、連番×2名義の中からすり替えなしで1枚お渡しします。
座席選択権はございません。

初期当選/すり替えなし/下3桁提示可/有効期限内
✨️プラベル移行...",2026-08-21 08:27:58,2026-08-27 07:17:28,2026-08-27 07:17:28,False,2026-08
lh55pxnvri,1787335260412,kamigata-expo-park-fes-2026,2026-11-01,,[大阪府] 万博記念公園,listing,35000,2,公演日前日にログイン情報共有,electronic,female,"初期当選/有効期限内/重複すり替えなし/下3桁提示可

公演日前日にログイン情報をお伝えいたします。
公演当日入場後は速やかにログアウトして頂き、必ず開演時間ま...",2026-08-21 18:01:00,2026-08-27 07:17:28,,False,2026-08
ju8goy1w29,1787307220956,kamigata-expo-park-fes-2026,2026-11-01,,[大阪府] 万博記念公園,listing,45000,1,公演前日にQRコード共有,electronic,female,"なにわ男子名義/発送物戻りなし/有効期限内

公演前日にログイン情報をお知らせ致します。入場後は速やかにログアウト、受け取りお願いいたします。

ランダムエラー...",2026-08-21 10:13:40,2026-08-27 07:17:28,,False,2026-08
sold_kamigata-expo-park-fes-2026_1787310317854_30000,1787310317854,kamigata-expo-park-fes-2026,2026-11-01,,[大阪府] 万博記念公園,sold,30000,2,同行,electronic,female,"2名義中2番手のお譲りになります。
初期当選/有効期限内/すり替えなし/下3桁提示可/なにわ男子名義

",2026-08-21 11:05:17,2026-08-27 07:17:28,2026-08-27 07:17:28,False,2026-08
558co315lx,1787585215586,kamigata-expo-park-fes-2026,2026-11-01,,[大阪府] 万博記念公園,listing,30000,2,公演前日QRコード共有,electronic,female,"⭐️3名義中2番手⭐️
･有効期限内 下3桁提示可 初期当選 
･代表者、同行者共にWEST名義
・郵送物戻りなし 過去エラーなし
・公演前日にログイン情報をお...",2026-08-24 15:26:55,2026-08-27 07:17:28,,False,2026-08
5a64qtegyw,1787321545113,kamigata-expo-park-fes-2026,2026-11-01,,[大阪府] 万博記念公園,listing,55000,1,同行,electronic,female,"本人名義/Aぇ名義/初期当選/すり替えなし/下3桁提示可 
・公演当日に、開場時間8:30以降の入場の可能性あります。 会場付近にて待ち合わせし同時入場致します...",2026-08-21 14:12:25,2026-08-27 07:17:28,,False,2026-08
iqwufi2wad,1787380660989,kamigata-expo-park-fes-2026,2026-11-01,,[大阪府] 万博記念公園,listing,50000,1,公演日1日前までにQRコード共有,electronic,female,"なにわ名義/初期当選/有効期限内/発送物戻り無/同一クレカ無し/エラー歴無し

公演前日に必要な情報等を連絡ボードにてお知らせ致します。同意チェックは購入者様ご...",2026-08-22 06:37:40,2026-08-27 07:17:28,,False,2026-08
sold_kamigata-expo-park-fes-2026_1787318999567_34000,1787318999567,kamigata-expo-park-fes-2026,2026-11-01,,[大阪府] 万博記念公園,sold,34000,1,公演日2日前にQRコード共有,electronic,female,"・QRごとのお譲りになります
・エイト名義、有効期限内
・下3桁提示可
・公演中止以外のキャンセル、返金は一切受け付けできかねますのでご了承いただける方のみご購...",2026-08-21 13:29:59,2026-08-27 07:17:28,2026-08-27 07:17:28,False,2026-08
sold_kamigata-expo-park-fes-2026_1787555334199_30000,1787555334199,kamigata-expo-park-fes-2026,2026-11-01,,[大阪府] 万博記念公園,sold,30000,2,公演日1日前までに郵送,paper,female,"なにわ名義/初期当選/有効期限内/発送物戻り無/同一クレカ無し

公演前日に必要な情報等を連絡ボードにてお知らせ致します。代表者の同意チェックは購入者様ご自身で...",2026-08-24 07:08:54,2026-08-27 07:17:28,2026-08-27 07:17:28,False,2026-08
9wicbxk6za,1787328456954,kamigata-expo-park-fes-2026,2026-11-01,,[大阪府] 万博記念公園,listing,30000,1,公演前日にログイン情報共有,electronic,female,"なにわ男子名義 /QR毎/重複すり替えなし/下3桁提示可能/初期当選/有効期限内
ランダムエラーや本人確認、体調不良や出演者の変更等、いかなる場合であっても受取...",2026-08-21 16:07:36,2026-08-27 07:17:28,,False,2026-08
sold_kamigata-expo-park-fes-2026_1787298506221_30000,1787298506221,kamigata-expo-park-fes-2026,2026-11-01,,[大阪府] 万博記念公園,sold,30000,1,公演日2日前までにQRコード共有,electronic,female,"該当名義(変更ボタンあり)初期当選 有効期限内会員 過去エラー等の不備なし
QRでのお譲り すり替えなし 下3桁提示可能

公演2日前までにログイン情報を送付し...",2026-08-21 07:48:26,2026-08-27 07:17:28,2026-08-27 07:17:28,False,2026-08
l3t03onx67,1787369809134,kamigata-expo-park-fes-2026,2026-11-01,,[大阪府] 万博記念公園,listing,40000,2,公演日2日前までにQRコード共有,electronic,female,"座席未定｜WEST名義｜QRごとのお譲り｜初期当選｜すり替えなし｜有効期限内｜下2桁お伝え可能｜前回ツアー落選



公演中止の際のみ、送料手数料を引いた金額返...",2026-08-22 03:36:49,2026-08-27 07:17:28,,False,2026-08
sold_kamigata-expo-park-fes-2026_1787302296177_38000,1787302296177,kamigata-expo-park-fes-2026,2026-11-01,,[大阪府] 万博記念公園,sold,38000,2,公演日1~2日前までにQRコード共有,electronic,female,"なにわ男子名義/初期当選/有効期限内/過去エラー等の不備なし/発送物戻りなし
QRでのお譲り すり替えなし 下3桁提示可能

同行者もなにわ男子会員名義になりま...",2026-08-21 08:51:36,2026-08-27 07:17:28,2026-08-27 07:17:28,False,2026-08
cwai4pnjuv,1787316142751,kamigata-expo-park-fes-2026,2026-11-01,,[大阪府] 万博記念公園,listing,40000,2,公演日前日までにQRコード共有,electronic,female,"なにわ名義 /同行者もFC /QRごと/
初期当選/
公演日前日に連絡ボードにてログイン情報をお伝えします。

公演中止以外の如何なる理由（ランダムエラー、交通...",2026-08-21 12:42:22,2026-08-27 07:17:28,,False,2026-08
lg0sp18qcm,1787314753301,kamigata-expo-park-fes-2026,2026-11-01,,[大阪府] 万博記念公園,listing,42000,2,前日までにログイン情報開示,electronic,female,"なにわ男子FC/QR毎/初期当選/下3桁提示可/有効期限内/発送物戻り・過去エラー無し

公演前日までにログイン情報お伝えします。
公演当日は入場後速やかにログ...",2026-08-21 12:19:13,2026-08-27 07:17:28,,False,2026-08
55q14rrs0i,1787498383214,kamigata-expo-park-fes-2026,2026-11-01,,[大阪府] 万博記念公園,listing,22000,1,当日同時入場または事前QR共有,electronic,female,"3名義中3番手
情報局名義/有効期限内/すり替えなし/下3桁提示可/エラー歴なし
入場方法などの状況により、同時入場ではなくQRごとお渡しとなる場合がございます...",2026-08-23 15:19:43,2026-08-27 07:17:28,,False,2026-08
sold_kamigata-expo-park-fes-2026_1787298540608_40000,1787298540608,kamigata-expo-park-fes-2026,2026-11-01,,[大阪府] 万博記念公園,sold,40000,2,公演日2日前までにQRコード共有,electronic,female,"該当名義(変更ボタンあり)初期当選 有効期限内会員 過去エラー等の不備なし
QRでのお譲り すり替えなし 下3桁提示可能

公演2日前までにログイン情報を送付し...",2026-08-21 07:49:00,2026-08-27 07:17:28,2026-08-27 07:17:28,False,2026-08
sold_kamigata-expo-park-fes-2026_1787318524360_33000,1787318524360,kamigata-expo-park-fes-2026,2026-11-01,,[大阪府] 万博記念公園,sold,33000,2,公演前日までにログイン情報共有,electronic,female,"QR毎のお譲りになります。
Aぇ名義/初期当選/下3桁提示可/重複すり替えなし/有効期限内/過去エラー等なし

代理購入不可です。
公演前日の夜にログイン情報を...",2026-08-21 13:22:04,2026-08-27 07:17:28,2026-08-27 07:17:28,False,2026-08
hmq59prozv,1787370782252,kamigata-expo-park-fes-2026,2026-11-01,,[大阪府] 万博記念公園,listing,35000,2,同行,electronic,female,"FC先行/初期当選/2名義2番手/すり替えなし/下3桁提示可/有効期限内
代表者・同行者共にWEST FCで登録済み
★ 朝早くの集合が予測されますので、大阪在...",2026-08-22 03:53:02,2026-08-27 07:17:28,,False,2026-08
sigerh5pdj,1787305759965,kamigata-expo-park-fes-2026,2026-11-01,,[大阪府] 万博記念公園,listing,55000,2,公演日前日までにQRコード共有,electronic,female,"※プライベート出品に切り替えますので購入前にメッセージお願いいたします。


Aぇ名義/初期当選/下3桁提示可能

公演前日までに必要なログイン情報等を連絡ボー...",2026-08-21 09:49:19,2026-08-27 07:17:28,,False,2026-08
sold_kamigata-expo-park-fes-2026_1787480534929_28000,1787480534929,kamigata-expo-park-fes-2026,2026-11-01,,[大阪府] 万博記念公園,sold,28000,1,公演日前日にログイン情報共有,electronic,female,"QR毎/初期当選/super eightFC名義/重複すり替えなし/下3桁提示可能/有効期限内

公演前日夜にログインに必要な情報をお伝えします。
当日は速やか...",2026-08-23 10:22:14,2026-08-27 07:17:28,2026-08-27 07:17:28,False,2026-08
bzqj7c4abz,1787313415413,kamigata-expo-park-fes-2026,2026-11-01,,[大阪府] 万博記念公園,listing,40000,2,公演日前日までにQRコード共有,electronic,female,"QRごと/初期当選/前回ツアー落選名義/有効期限内/発送物戻り無/同一クレカ決済無し/下3桁提示可

公演前日に必要な情報等を連絡ボードにてお知らせ致します。代...",2026-08-21 11:56:55,2026-08-27 07:17:28,,False,2026-08
l13gkblnfk,1787316209027,kamigata-expo-park-fes-2026,2026-11-01,,[大阪府] 万博記念公園,listing,38000,2,同行,electronic,female,"初期当選/3名義中2番手/すり替え無し/下3桁提示可/有効期限内

★代表者・同行者共になにわ男子FCで登録済み
不備名義なし

※公式にて「TAKOYAKI...",2026-08-21 12:43:29,2026-08-27 07:17:28,,False,2026-08
sold_kamigata-expo-park-fes-2026_1787412154498_22000,1787412154498,kamigata-expo-park-fes-2026,2026-11-01,,[大阪府] 万博記念公園,sold,22000,2,公演日前日までにログイン情報共有,electronic,none,"⚠️8/24 23:59までに別途定価手数料のお支払いをお願いいたします⚠️

エイト×ジュニア/QR毎/初期当選/下3桁提示可/有効期限内/発送物戻り・過去エ...",2026-08-22 15:22:34,2026-08-27 07:17:28,2026-08-27 07:17:28,False,2026-08
bv6g7454me,1787478200751,kamigata-expo-park-fes-2026,2026-11-01,,[大阪府] 万博記念公園,listing,35000,1,同行,electronic,female,"初期当選/2名義中2番手/有効期限名義のみ/Aぇ名義/すり替えなし/下3桁提示可能/発送物戻りなし
購入希望の方はプライベート出品にするのでコメントください。...",2026-08-23 09:43:20,2026-08-27 07:17:28,,False,2026-08
sold_kamigata-expo-park-fes-2026_1787299987408_55000,1787299987408,kamigata-expo-park-fes-2026,2026-11-01,,[大阪府] 万博記念公園,sold,55000,1,公演日前日にQRコード共有,electronic,female,"なにわ名義/下3桁提示可能/初期当選/前回スタンド当選名義/有効期限内/発送物戻り無し/同一クレカ無し

公演前日に必要な情報等を連絡ボードにてお知らせ致します...",2026-08-21 08:13:07,2026-08-27 07:17:28,2026-08-27 07:17:28,False,2026-08
iifdft002u,1787652839928,kamigata-expo-park-fes-2026,2026-11-01,,[大阪府] 万博記念公園,listing,35000,1,公演前日までにログイン情報共有,electronic,female,"QR毎/単番/なにわ名義/座席未定/初期当選/有効期限内/下3桁提示可/発送物戻りなし/重複すり替えなし

入金確認後、下3桁提示可能です。
公演前日になりまし...",2026-08-25 10:13:59,2026-08-27 07:17:28,,False,2026-08
i19wy7ncf8,1787325724930,kamigata-expo-park-fes-2026,2026-11-01,,[大阪府] 万博記念公園,listing,32000,2,2名義中2番手,electronic,female,"2名義中2番手 Aぇ名義 初当選
初期当選/すり替えなし/有効期限内/下3桁提示可
プラベルorプライベートチケットにて出品する為、購入希望の方はメッセージお願...",2026-08-21 15:22:04,2026-08-27 07:17:28,,False,2026-08
wt9qz3osd3,1787494087009,kamigata-expo-park-fes-2026,2026-11-01,,[大阪府] 万博記念公園,listing,40000,2,同行,electronic,female,"3名義中2番手/有効期限内/すり替えなし/初期当選

プラベルにてお取引したいので購入前にコメントお願いいたします。

同時入場し、入場後一旦チケットを回収し当...",2026-08-23 14:08:07,2026-08-27 07:17:28,,False,2026-08
sold_kamigata-expo-park-fes-2026_1787304498606_20000,1787304498606,kamigata-expo-park-fes-2026,2026-11-01,,[大阪府] 万博記念公園,sold,20000,1,当日手渡し,electronic,female,"⚠️＋定価分Pay-easy払い
専用出品いたしますのでコメントお願いします。
こちらは8/24まで掲載いたします。

WEST.名義/初期当選/ 2名義中2番...",2026-08-21 09:28:18,2026-08-27 07:17:28,2026-08-27 07:17:28,False,2026-08
sold_kamigata-expo-park-fes-2026_1787498367389_6200,1787498367389,kamigata-expo-park-fes-2026,2026-11-01,,[大阪府] 万博記念公園,sold,6200,1,公演日前日までにQRコード共有,electronic,female,"※8/25(火)23:59までにPay-easyにて別途定価+手数料（16800円）支払い可能な方のみ

※評価4.9以下/レビューが1件も無い方は購入をお控え...",2026-08-23 15:19:27,2026-08-27 07:17:28,2026-08-27 07:17:28,False,2026-08
kp3yndbqhd,1787562531908,kamigata-expo-park-fes-2026,2026-11-01,,[大阪府] 万博記念公園,listing,33000,2,QR,electronic,female,QRごと。FC×FC当選。すり替えなし。下3桁提示可能。有効期限内。初期当選。着ブロ希望なし。郵送物戻りなし。同一クレカ決済なし。過去エラーなし。同行者チェック...,2026-08-24 09:08:51,2026-08-27 07:17:28,,False,2026-08
lwn0gjbo5g,1787294380744,kamigata-expo-park-fes-2026,2026-11-01,,[大阪府] 万博記念公園,listing,60000,1,公演日前日にQRコード共有,electronic,female,"なにわ名義/初期当選/有効期限内/発送物戻り無/同一クレカ無し/エラー歴無し

公演前日に必要な情報等を連絡ボードにてお知らせ致します。同意チェックは購入者様ご...",2026-08-21 06:39:40,2026-08-27 07:17:28,,False,2026-08
r0mxefg1n6,1787747197206,kamigata-expo-park-fes-2026,2026-11-01,,[大阪府] 万博記念公園,listing,28000,2,同行,electronic,female,"2名義中2番手
郵送物戻りなし/有効期限内/ランダムエラー歴なし/下3桁提示可能
当方が指定する時間に集合して頂き、同時入場。一度回収させて頂き当方が選択しなか...",2026-08-26 12:26:37,2026-08-27 07:17:28,,False,2026-08
ask0zetbro,1787546707820,kamigata-expo-park-fes-2026,2026-11-01,,[大阪府] 万博記念公園,listing,35000,1,公演日前日にQRコード共有,electronic,female,"QR毎/単番/WEST名義/座席未定/初期当選/有効期限内/下3桁提示可/発送物戻りなし/重複すり替えなし

入金確認後、下3桁提示可能です。
公演前日になりま...",2026-08-24 04:45:07,2026-08-27 07:17:28,,False,2026-08
sold_kamigata-expo-park-fes-2026_1787370487898_31000,1787370487898,kamigata-expo-park-fes-2026,2026-11-01,,[大阪府] 万博記念公園,sold,31000,2,公演日前日までにQRコード共有,electronic,female,"なにわ名義/QR毎/初期当選/座席未定/有効期限内/すり替えなし/過去エラー等なし/下3桁提示可能

公演前日までにログイン情報を共有いたします。
入場後は速や...",2026-08-22 03:48:07,2026-08-27 07:17:28,2026-08-27 07:17:28,False,2026-08
sold_kamigata-expo-park-fes-2026_1787392821092_19500,1787392821092,kamigata-expo-park-fes-2026,2026-11-01,,[大阪府] 万博記念公園,sold,19500,2,公演前日ログイン情報共有,electronic,female,"ご購入後、支払い番号を共有しますので8/24までにご自身で定価分入金していただける方のみ

Aぇ! group名義/QR毎/FC同士/初期当選/発送物戻り・エラ...",2026-08-22 10:00:21,2026-08-27 07:17:28,2026-08-27 07:17:28,False,2026-08
qdwgynw4co,1787295103054,kamigata-expo-park-fes-2026,2026-11-01,,[大阪府] 万博記念公園,listing,30000,1,公演日1日前までにログイン情報共有,electronic,female,"専用出品しますのでコメントお願いします

なにわ名義/初期当選/ QR毎 単番 /下3桁提示可/ 有効期限内 

QR毎でのお譲りです。
公演前日までにログイン...",2026-08-21 06:51:43,2026-08-27 07:17:28,,False,2026-08
